complexity,accuracy,distortion
2.9004929573497833e-12,2.8998729108376044e-12,5.642443180081329
1.619672889190643e-11,1.6193987482630334e-11,5.642443180068034
6.062617532792413e-11,6.061519629063504e-11,5.642443180023613
1.8101481336263162e-10,1.8098204051792652e-10,5.642443179903246
4.635370334648035e-10,4.6345189335797773e-10,5.642443179620777
1.042323637533342e-09,1.0421321773667392e-09,5.642443179042096
2.072336346893e-09,2.0719567876329308e-09,5.642443178012272
3.865997856321863e-09,3.865293719105806e-09,5.642443176218935
6.816902047068385e-09,6.815662222363144e-09,5.642443173268567
1.1712670398093509e-08,1.1710512536683116e-08,5.642443168373716
1.8663799210692606e-08,1.8660404424124438e-08,5.642443161423824
2.9207353222529136e-08,2.9202024641080837e-08,5.642443150882204
4.4785612378372725e-08,4.4777482070812556e-08,5.642443135306746
6.412917919522397e-08,6.411771883047216e-08,5.642443115966509
9.327123470673503e-08,9.325450277730418e-08,5.642443086829726
1.3350569880488773e-07,1.3348159895393166e-07,5.642443046602629
1.818521047676983e-07,1.8181955674139169e-07,5.642442998264672
2.4894174197995515e-07,2.488969283250465e-07,5.642442931187301
3.296880387442821e-07,3.29628296209796e-07,5.642442850455932
4.4234397699529447e-07,4.422639988939878e-07,5.64244273782023
5.777597857698681e-07,5.776552058591087e-07,5.642442602429023
7.308653589655058e-07,7.307318828041275e-07,5.6424424493523455
9.67447516834574e-07,9.672708417187448e-07,5.642442212813386
1.2110143873392658e-06,1.2107919698834843e-06,5.642441969292259
1.2759944800891682e-06,1.275764805041501e-06,5.642441904319424
1.515127800145106e-06,1.5148505700723914e-06,5.642441665233658
1.8244587846662599e-06,1.8241311205710595e-06,5.642441355953108
2.1662209702886114e-06,2.1658313586102247e-06,5.64244101425287
2.5138189106984453e-06,2.5133606838411835e-06,5.6424406667235445
2.953069738456144e-06,2.9525347174015895e-06,5.642440227549511
3.5134598489577295e-06,3.512832003120454e-06,5.6424396672522255
4.088167744946161e-06,4.0874302593928545e-06,5.642439092653969
4.8156770839965075e-06,4.81481476005396e-06,5.642438365269468
5.665786843893041e-06,5.664767137934426e-06,5.6424375153170905
6.563885923173239e-06,6.562681176747572e-06,5.642436617403051
7.655131066259591e-06,7.653737534098953e-06,5.642435526346694
8.920252632212722e-06,8.918648304839635e-06,5.642434261435923
9.980477633540272e-06,9.978677129781853e-06,5.642433201407099
1.1655702106405566e-05,1.165361461139434e-05,5.642431526469617
1.3538891645112268e-05,1.3536456694430725e-05,5.642429643627534
1.5396527468348e-05,1.5393766591522476e-05,5.642427786317637
1.7624414398264258e-05,1.7621241000557912e-05,5.642425558843228
1.9897547118632672e-05,1.9893963307026077e-05,5.642423286120922
2.2593404534141474e-05,2.2589296923834973e-05,5.642420590787305
2.546995108201948e-05,2.5465327148785815e-05,5.642417714757079
2.939334605281614e-05,2.9388043354503676e-05,5.642413792040874
3.325568998246122e-05,3.3249771886491817e-05,5.642409930312342
3.6864783140735866e-05,3.685821817396863e-05,5.642406321866055
4.2101744431530934e-05,4.209418209501651e-05,5.642401085902134
4.772492959219023e-05,4.771640189802872e-05,5.64239546368233
5.261206734640937e-05,5.2602663367867265e-05,5.64239057742086
6.025355999189531e-05,6.024287883209377e-05,5.642382937205396
6.765681061942784e-05,6.764467792624711e-05,5.642375535406302
7.438174920086116e-05,7.436832352758516e-05,5.642368811760701
8.31982794639912e-05,8.318327539194283e-05,5.642359996808836
9.322238350820625e-05,9.320578412827892e-05,5.6423499743001
0.00010509058962238451,0.00010507202131154656,5.642338108062917
0.00011530613532657324,0.00011528553311719796,5.642327894551111
0.000126578380866489,0.00012655580540702117,5.642316624278822
0.00014282191239396445,0.00014279627493436352,5.642300383809294
0.00015837097986467406,0.00015834265208796014,5.642284837432141
0.00017497199698132408,0.00017494058372033753,5.642268239500508
0.00019038308222526782,0.00019034903587024265,5.642252831048358
0.00019288122298819025,0.00019284701098386552,5.642250333073244
0.00022075771198260428,0.00022071859060501626,5.642222461493623
0.0002484521779823065,0.0002484083504270723,5.642194771733801
0.0002727302450395452,0.00027268174817186744,5.642170498336057
0.000306477129103006,0.000306422331028701,5.6421367577532
0.0003302696545290331,0.00033021074346449564,5.642112969340764
0.0003699416173473547,0.0003698763875531489,5.642073303696676
0.00040129799412991603,0.0004012275396135071,5.642041952544615
0.0004422704056878019,0.00044219144238216685,5.642000988641846
0.0005050533898424866,0.0005049637870775701,5.6419382162971505
0.0005436186865026782,0.0005435232662318303,5.641899656817997
0.0005922790533100671,0.0005921750727795429,5.641851005011449
0.00066282714409798,0.0006627108601184361,5.64178046922411
0.0007222859740329341,0.0007221583938531258,5.641721021690375
0.0008033077378886846,0.0008031674816084402,5.64164001260262
0.0008657247217130397,0.000865570341081396,5.641577609743147
0.0009595180923827907,0.0009593509787315316,5.641483829105497
0.0010682705619956129,0.0010680868296566303,5.641375093254572
0.0011609642481262108,0.0011607577098003326,5.641282422374428
0.0012437340305678022,0.0012435191477646842,5.641199660936464
0.0013822251998483648,0.0013819863205233444,5.641061193763705
0.0015131593638073042,0.0015128979479787138,5.6409302821362495
0.0015896066692611792,0.0015893319690785733,5.64085384811515
0.0017417863513147505,0.0017414815177557701,5.640701698566473
0.0019583175989892026,0.001957979104737376,5.640485200979491
0.0021207311621184565,0.0021203661080843113,5.6403228139761445
0.0023342497430127204,0.0023338447567964418,5.640109335327432
0.0025919145844946127,0.002591469680726312,5.639851710403502
0.00287744402544316,0.002876952134934461,5.639566227949294
0.003079072534689873,0.0030785494991581704,5.63936463058507
0.0035353077787141003,0.003534706395317833,5.638908473688911
0.003755055184477379,0.0037544111658047176,5.638688768918424
0.004224605866265655,0.004223890576982604,5.638219289507246
0.004570350845403085,0.004569571090312738,5.637873608993916
0.004993562873954798,0.004992721274244941,5.637450458809983
0.005067136871604698,0.005066293570396256,5.637376886513832
0.005808113640349676,0.0058071473013393,5.6366360327828895
0.0064412772928858645,0.006440206418546944,5.636002973665682
0.007190317781182126,0.0071891139437251375,5.6352540661405035
0.007884534160421295,0.007883215283907346,5.634559964800321
0.00875020931864907,0.008748750108133845,5.633694429976095
0.009801170553780613,0.009799542385683662,5.6326436376985445
0.010563214503873503,0.010561484336019436,5.631881695748209
0.01217892827635168,0.012176932057317607,5.630266248026911
0.01337320082544271,0.013371040274253338,5.629072139809975
0.014866263623984492,0.01486384705377291,5.6275793330304555
0.016997849066094722,0.016995105833537878,5.6254480742506905
0.018654075821368195,0.018651079044658313,5.62379210103957
0.021496977611969687,0.021493540915330556,5.620949639168898
0.023409850443772393,0.023406141898785857,5.619037038185443
0.02664375065954528,0.026639520222111388,5.6158036598621175
0.030054814702694055,0.03005002674517728,5.612393153339052
0.032186726633356144,0.0321817002475039,5.6102614798367245
0.03652961218475271,0.036523906706889285,5.6059192733773395
0.04241249930664369,0.04240588638645485,5.600037293697774
0.04817371535700127,0.04816629328984734,5.594276886794381
0.055250448816624484,0.05524190236275467,5.587201277721474
0.05893454932121872,0.05892556445862859,5.5835176156256
0.0666180251599916,0.06660798901573883,5.57583519106849
0.08061810543994728,0.08060601106165664,5.561837169022572
0.09511875280421962,0.09510482437986592,5.547338355704363
0.10986607843143292,0.10984990239268208,5.5325932776915465
0.11499173272952043,0.11497483880965144,5.527468341274577
0.14185209039017757,0.14183163859446737,5.500611541489761
0.16625338141149473,0.16622898777641248,5.4762141923078165
0.19443759022472268,0.19440982768676618,5.448033352397462
0.2388571206566493,0.23882341662014803,5.40361976346408
0.2682267445297426,0.2681884434277048,5.374254736656524
0.3402899993141294,0.34024245412658793,5.302200725957641
0.41627567509964253,0.41621777295888546,5.226225407125343
0.47912128613248,0.47905563141887514,5.163387548665353
0.6145939682737702,0.6145103491166187,5.02793283096761
0.8295867292654902,0.8294742555687727,4.812968924515456
1.1471571056589847,1.1470043073764735,4.495438872707755
2.026256452394124,2.0259854266475674,3.616457753436661
2.380650787066465,2.3803294336603624,3.262113746423866
2.447240658488811,2.4469069612414773,3.195536218842751
2.5352500008026526,2.534903697773526,3.1075394823107025
2.561630823058482,2.5612848055022575,3.081158374581971
2.6243286939172386,2.6239700787923796,3.018473101291849
2.678503114363484,2.678136055303693,2.9643071247805355
2.808375268135727,2.8079909220248096,2.834452258059419
2.9982517584517128,2.997839397830189,2.6446037822540394
3.119728848412326,3.119299413743139,2.5231437663410894
3.257523187976519,3.2570718249527673,2.3853713551314613
4.54921216319444,4.548526283798725,1.0939168962855037
5.01823699578781,5.01743437753565,0.6250088025485789
5.181992340625638,5.181136985914334,0.4613061941698948
5.383339096845039,5.382397188968275,0.2600459911159536
5.460720792321633,5.459731263467472,0.18271191661675612
5.471061585530982,5.4700533514914955,0.172389828592733
5.519779769560199,5.518736807594035,0.12370637249019367
5.560027994807066,5.558945209860213,0.08349797022401528
5.580426676236644,5.579321965637567,0.06312121444666108
5.598198640340376,5.597055402222751,0.045387777861477296
5.610237500442283,5.609071852273616,0.03337132781061225
5.620408665160002,5.619217796032595,0.023225384051633213
5.628509668335797,5.6272866889627755,0.015156491121453008
5.632770072089807,5.631531163269124,0.01091201681510423
5.635342704845574,5.634090488437176,0.008352691647052879
5.637424946896691,5.636163817606062,0.006279362478166739
5.63811007378631,5.636833222671417,0.0056099574128118945
5.639570485699737,5.638284150633095,0.004159029451133556
5.64093320575444,5.639635828713425,0.002807351370803346
5.641569121628495,5.640265248890873,0.002177931193355853
5.641850949824423,5.640529962996005,0.0019132170882238952
5.642434122846407,5.6411061354980925,0.001337044586136038
5.642828448623331,5.641495550734519,0.0009476293497092669
5.643066549145682,5.641728632151266,0.0007145479329624393
5.643240033022456,5.641897963187662,0.0005452168965662807
5.643353289374471,5.642007298120383,0.00043588196384547473
5.643399080020314,5.642050725997525,0.0003924540867030757
5.643450069765594,5.642098985665426,0.00034419441880295665
5.643489500005229,5.642126774649171,0.00031640543505773167
5.643532697832749,5.642167895112757,0.0002752849714715566
5.6435752059915725,5.642208258815241,0.00023492126898716492
5.6436185287403235,5.642249353676911,0.00019382640731713252
5.643650240982748,5.642279196476693,0.00016398360753555608
5.643668841629557,5.642296030466591,0.00014714961763750978
5.643695071778501,5.642320442086891,0.0001227379973371967
5.6437074260295,5.6423311582849145,0.00011202179931402156
5.6437175037768545,5.642339847964118,0.0001033321201102666
5.643727936250125,5.642348874133191,9.430595103765427e-05
5.6437365532636745,5.642356184754608,8.69953296200876e-05
5.643742752911868,5.642361154032569,8.202605165941179e-05
5.643748765277694,5.642365972021453,7.720806277511372e-05
5.643761778651937,5.642372707368874,7.047271535487454e-05
5.643768862465523,5.642378813796729,6.436628749995066e-05
5.643775271477805,5.642384331996448,5.884808778056083e-05
5.643781411252068,5.642389652754967,5.35273292614491e-05
5.643787846020286,5.642395148921867,4.803116236118399e-05
5.643791413904556,5.642397996517767,4.518356646165955e-05
5.643796492033726,5.642402230133886,4.0949950342650254e-05
5.643799318886258,5.642404369276767,3.881080746115373e-05
5.643802583077165,5.6424069505550785,3.622952915005584e-05
5.643805789970242,5.642409473003234,3.37070809948159e-05
5.643808324037736,5.642411386195074,3.179388915430792e-05
5.643810643671925,5.64241311983174,3.0060252488084416e-05
5.643812884406232,5.642414789085095,2.8390999133875994e-05
5.643814991740545,5.642416352672643,2.6827411585550465e-05
5.6438169543582415,5.642417781470615,2.5398613613170085e-05
5.643818835166752,5.642419152716415,2.4027367813594935e-05
5.643820574300545,5.642420407612997,2.2772471231391478e-05
5.643822208621998,5.642421578362246,2.160172198273358e-05
5.643823764555166,5.642422687652515,2.049243171331483e-05
5.643825240569425,5.6424237361880865,1.9443896142057326e-05
5.643826646719447,5.642424729171416,1.845091281271749e-05
5.64382799123785,5.642425675968679,1.7504115549904498e-05
5.64382925860753,5.642426564281376,1.6615802852726347e-05
5.643830471629836,5.642427411231429,1.576885279952478e-05
5.643831624726909,5.64242821382461,1.4966259618276467e-05
5.643832727513385,5.6424289782151655,1.420186906297971e-05
5.643833779254581,5.64242970497904,1.3475105188121006e-05
5.643834780889272,5.642430394730354,1.2785353874278371e-05
5.64383573859362,5.642431051929374,1.2128154854629258e-05
5.643836651784584,5.642431676504178,1.1503580050309381e-05
5.643837523683348,5.64243227086923,1.0909214998910954e-05
5.643838356245038,5.642432836531355,1.0343552873770534e-05
5.643839149590586,5.642433373774543,9.806309685167491e-06
5.64383990855763,5.64243388607669,9.294007538684923e-06
5.643840633424254,5.642434373771433,8.80631279542854e-06
5.64384133754025,5.642434717437311,8.462646917450911e-06
5.643842015295232,5.6424351760252325,8.004058996036179e-06
5.643842764301787,5.642435711804859,7.4682793691494e-06
5.64384342994575,5.64243617166937,7.008414858233891e-06
5.643844116689543,5.64243665758853,6.522495698213504e-06
5.643844644767589,5.642437003636412,6.176447816308439e-06
5.643845196097708,5.642437375081801,5.80500242719495e-06
5.643845706520293,5.642437718170232,5.461913996640533e-06
5.643846157099691,5.642438010141297,5.169942931537719e-06
5.643846644457364,5.642438335147328,4.844936900560981e-06
5.643847091250932,5.642438628761866,4.551322362544852e-06
5.643847499629903,5.642438894557157,4.285527071878903e-06
5.643847899389349,5.642439154518464,4.025565764287364e-06
5.643848260212745,5.642439385088191,3.794996037420617e-06
5.6438486325436195,5.642439626596821,3.553487407437217e-06
5.643848971669348,5.642439843397702,3.3366865261896805e-06
5.64384929617618,5.642440050162337,3.1299218914426774e-06
5.6438496011252,5.6424402437869325,2.936297295974555e-06
5.64384989724852,5.642440431518801,2.7485654277015215e-06
5.643850180740345,5.642440610619665,2.5694645637841518e-06
5.643850448302302,5.642440778761845,2.40132238360502e-06
5.643850703895746,5.6424409389993535,2.2410848750098467e-06
5.6438509491810835,5.642441092282514,2.087801714623083e-06
5.643851181268532,5.642441236752504,1.9433317248740423e-06
5.643851405888567,5.642441376286244,1.8037979847562724e-06
5.643851617482644,5.642441507244352,1.6728398763987684e-06
5.643851821777333,5.64244163333954,1.5467446887740266e-06
5.64385201598791,5.642441752842208,1.427242020568542e-06
5.643852201339155,5.642441866544485,1.3135397436414564e-06
5.643852378076135,5.642441974629328,1.2054549003437387e-06
5.6438525485125774,5.642442078580996,1.1015032326255891e-06
5.643852709684871,5.642442176568639,1.0035155897369918e-06
5.643852864188324,5.642442270232497,9.098517317340793e-07
5.643853012524567,5.642442359903632,8.201805963281572e-07
5.643853153517483,5.642442444879802,7.352044262276536e-07
5.643853288399427,5.6424425259391535,6.541450749963929e-07
5.6438534171237125,5.642442603075566,5.770086621836867e-07
5.643853540410104,5.642442676741276,5.033429522072197e-07
5.643853658196484,5.642442746918661,4.33165567415017e-07
5.643853770720669,5.642442813768752,3.663154766186949e-07
5.643853878195438,5.642442877437311,3.0264691730508275e-07
5.643853980921078,5.642442938119496,2.419647326945551e-07
5.643854078971464,5.642442995876026,1.8420820246944913e-07
5.6438541727432705,5.642443050956332,1.2912789681962522e-07
5.643854262444087,5.642443103497223,7.658700518220485e-08
5.643854348087775,5.64244315352072,2.656350872598523e-08
5.643854429982933,5.642443201220855,-2.1136626671136582e-08
5.643854508121463,5.642443246605934,-6.652170547738478e-08
5.643854582918555,5.642443289929339,-1.0984511078504511e-07
5.643854654342961,5.64244333118439,-1.5110016171604457e-07
5.643854722591322,5.642443370495867,-1.9041163845656683e-07
5.643854787820135,5.64244340796438,-2.2788015119346028e-07
5.64385485015366,5.642443443671258,-2.635870295364384e-07
5.643854909720419,5.642443477699594,-2.9761536524119947e-07
5.643854966659047,5.642443510137542,-3.3005331356861234e-07
5.6438550210672105,5.64244354104927,-3.609650418567867e-07
5.643855073070314,5.642443570514132,-3.904299035184522e-07
5.643855122727583,5.642443598573475,-4.184892468117596e-07
5.6438551701871225,5.642443625318397,-4.452341686445038e-07
5.643855215566858,5.642443650822241,-4.707380121260485e-07
5.643855258923517,5.642443675123474,-4.950392451519292e-07
5.643855300334586,5.642443698271891,-5.18187662557068e-07
5.643855339934876,5.64244372034882,-5.402645912866433e-07
5.643855377740739,5.64244374136908,-5.61284851485766e-07
5.643855413903411,5.6424437614221645,-5.813379360120052e-07
5.643855448457415,5.642443780532282,-6.004480530563683e-07
5.643855481461797,5.642443798737012,-6.186527832241495e-07
5.643855513003527,5.642443816088995,-6.360047661857493e-07
5.643855543134876,5.642443832621407,-6.525371780696787e-07
5.643855571935833,5.642443848382329,-6.682981004146882e-07
5.643855599457258,5.642443863403562,-6.833193335609167e-07
5.643855625773021,5.642443877729174,-6.97644945368836e-07
5.643855650888783,5.642443891365877,-7.112816486909423e-07
5.643855674908485,5.642443904373552,-7.242893236281134e-07
5.643855697854891,5.642443916767745,-7.366835168554076e-07
5.6438557197688395,5.642443928573649,-7.484894206655213e-07
5.6438557407289,5.642443939836512,-7.597522833080461e-07
5.643855760745857,5.642443950564901,-7.704806721520185e-07
5.643855779866968,5.642443960786841,-7.807026127792938e-07
5.643855798145102,5.6424439705331135,-7.904488850130065e-07
5.643855815609906,5.642443979821911,-7.997376822999058e-07
5.643855832295963,5.6424439886739135,-8.085896849863161e-07
5.6438558482404835,5.64244399711103,-8.170268017693161e-07
5.643855863477399,5.642444005153276,-8.250690477495937e-07
5.643855878032252,5.642444012816093,-8.327318647971538e-07
5.643855891942941,5.642444020121301,-8.400370727912332e-07
5.643855905232325,5.6424440270826715,-8.469984429382293e-07
5.643855917930905,5.642444033717868,-8.536336393305533e-07
5.643855930062271,5.64244404004082,-8.599565912703611e-07
5.643855941656967,5.642444046068965,-8.659847363645667e-07
5.643855952732225,5.64244405181271,-8.717284813997139e-07
5.643855963314788,5.642444057287304,-8.772030755110904e-07
5.643855973427573,5.642444062505904,-8.824216752856273e-07
5.643855983088267,5.642444067478882,-8.873946537590882e-07
5.6438559923197955,5.642444072219221,-8.921349925472555e-07
5.643856001139197,5.642444076736796,-8.966525673059778e-07
5.643856009565346,5.642444081042342,-9.00958113447814e-07
5.6438560176163515,5.642444085146128,-9.050618992034742e-07
5.643856025308479,5.6424440890574115,-9.089731829448056e-07
5.643856032657823,5.642444092785292,-9.127010631715393e-07
5.643856039679425,5.642444096338274,-9.162540450802226e-07
5.643856046387982,5.642444099724623,-9.19640394059229e-07
5.643856052797348,5.6424441029521235,-9.228678949924074e-07
5.643856058920911,5.6424441060282655,-9.259440370001926e-07
5.643856064771209,5.64244410896006,-9.288758313630296e-07
5.643856070360796,5.642444111754477,-9.316702485051565e-07
5.643856075700862,5.642444114417756,-9.343335278799714e-07
5.643856080802753,5.642444116956169,-9.368719409152959e-07
5.64385608567695,5.642444119375515,-9.392912865280323e-07
5.643856090333573,5.6424441216813666,-9.415971380377641e-07
5.6438560947824445,5.642444123879119,-9.437948902402127e-07
5.643856099032731,5.6424441259738005,-9.458895720015903e-07
5.643856103093233,5.642444127970226,-9.478859972489317e-07
5.643856106972456,5.642444129873028,-9.497887996090526e-07
5.643856110678463,5.642444131686593,-9.516023649069894e-07
5.643856114218963,5.642444133415104,-9.533308755749204e-07
5.643856117601343,5.642444135062558,-9.549783293039127e-07
5.643856120832645,5.64244413663275,-9.565485212803537e-07
5.643856123919593,5.642444138129306,-9.580450770485527e-07
5.643856126868623,5.642444139555677,-9.594714480698485e-07
5.64385612968588,5.642444140915156,-9.608309277098215e-07
5.643856132377252,5.642444142210884,-9.621266556791852e-07
5.643856134948329,5.642444143445844,-9.633616153692515e-07
5.643856137404495,5.642444144622892,-9.64538663161818e-07
5.643856139750864,5.642444145744742,-9.656605133301355e-07
5.643856141992332,5.642444146813982,-9.667297531379404e-07
5.643856144133581,5.64244414783308,-9.677488517212396e-07
5.643856146179078,5.642444148804384,-9.687201556474179e-07
5.6438561481331,5.642444149730141,-9.696459128960555e-07
5.643856149999723,5.6424441506124845,-9.705282559835382e-07
5.643856151782851,5.64244415145345,-9.713692215029823e-07
5.643856153486207,5.642444152254978,-9.721707492360565e-07
5.6438561551133555,5.64244415301892,-9.729346919229442e-07
5.643856156667695,5.642444153747037,-9.736628081569165e-07
5.643856158152479,5.642444154441009,-9.743567801479003e-07
5.6438561595708086,5.642444155102433,-9.750182048406941e-07
5.643856160925657,5.642444155732847,-9.756486187839641e-07
5.643856162219854,5.642444156333695,-9.762494661558208e-07
5.64385616345611,5.642444156906366,-9.768221378436692e-07
5.6438561646370164,5.642444157452184,-9.77367955456998e-07
5.643856165765041,5.642444157972404,-9.778881757682711e-07
5.643856166842551,5.642444158468229,-9.783840004828903e-07
5.6438561678718004,5.642444158940804,-9.78856575351017e-07
5.643856168854948,5.642444159391219,-9.793069901675722e-07
5.643856169794052,5.642444159820509,-9.797362805485932e-07
5.643856170691085,5.642444160229669,-9.801454403657317e-07
5.643856171547923,5.642444160619642,-9.805354137526479e-07
5.643856172366368,5.642444160991329,-9.809071004340808e-07
5.643856173148131,5.642444161345584,-9.812613557258487e-07
5.64385617389486,5.642444161683226,-9.815989976402761e-07
5.643856174608114,5.642444162005038,-9.819208095507292e-07
5.643856175289394,5.642444162311755,-9.822275268689395e-07
5.643856175940131,5.642444162604094,-9.825198654667133e-07
5.64385617656169,5.642444162882721,-9.827984923660438e-07
5.643856177155379,5.642444163148284,-9.830640550489989e-07
5.643856177722441,5.64244416340139,-9.83317161917796e-07
5.6438561782640715,5.64244416364263,-9.835584018347276e-07
5.643856178781406,5.642444163872556,-9.837883272467707e-07
5.643856179275534,5.6424441640917005,-9.840074719491554e-07
5.643856179747495,5.642444164300568,-9.842163395390457e-07
5.643856180198277,5.642444164499641,-9.844154122973237e-07
5.643856180628832,5.64244416468938,-9.84605151188589e-07
5.643856181040065,5.642444164870219,-9.847859905320888e-07
5.6438561814328425,5.642444165042581,-9.849583522125727e-07
5.643856181807992,5.642444165206858,-9.851226296930804e-07
5.6438561821663,5.64244416536343,-9.852792013376188e-07
5.643856182508521,5.642444165512662,-9.854284330756968e-07
5.643856182835378,5.642444165654895,-9.85570666856006e-07
5.643856183147557,5.642444165790459,-9.857062304163833e-07
5.643856183440275,5.6424441659173095,-9.858330809464633e-07
5.643856183725036,5.642444166040458,-9.8595622954889e-07
5.643856183997211,5.64244416615792,-9.860736911448953e-07
5.643856184262237,5.642444166272056,-9.861878274008973e-07
5.643856184506058,5.642444166376845,-9.862926164672103e-07
5.643856184742951,5.642444166478447,-9.863942187493535e-07
5.643856184969337,5.642444166575344,-9.864911154622291e-07
5.643856185185869,5.642444166667833,-9.865836041456078e-07
5.643856185392468,5.6424441667559,-9.866716714768131e-07
5.643856185589787,5.642444166839838,-9.867556096665453e-07
5.643856185778275,5.642444166919854,-9.86835625660376e-07
5.643856185958296,5.642444166996123,-9.869118944294542e-07
5.643856186130059,5.642444167068744,-9.869845154497625e-07
5.643856186294274,5.642444167138033,-9.870538049128186e-07
5.643856186451148,5.642444167204092,-9.871198631827838e-07
5.643856186600794,5.642444167266979,-9.871827506557906e-07
5.6438561867437835,5.642444167326947,-9.87242718686332e-07
5.643856186880398,5.642444167384129,-9.872999005011707e-07
5.643856187010711,5.642444167438561,-9.87354332515622e-07
5.6438561871354525,5.642444167490565,-9.874063362502739e-07
5.643856187254344,5.642444167540028,-9.874557997946454e-07
5.643856187367892,5.642444167587175,-9.8750294608152e-07
5.643856187476459,5.642444167632163,-9.875479340948345e-07
5.643856187580022,5.642444167674993,-9.875907647227677e-07
5.643856187678901,5.642444167715805,-9.87631576521153e-07
5.643856187773457,5.642444167754753,-9.876705249212137e-07
5.6438561878637215,5.642444167791863,-9.877076347919456e-07
5.643856187949831,5.642444167827195,-9.877429665294812e-07
5.643856188032182,5.642444167860916,-9.877766871113636e-07
5.643856188110721,5.642444167893014,-9.878087858794515e-07
5.6438561881857465,5.6424441679236175,-9.878393889550807e-07
5.643856188257467,5.642444167952814,-9.87868585156093e-07
5.64385618832592,5.642444167980625,-9.878963966869492e-07
5.643856188391238,5.642444168007114,-9.879228857201383e-07
5.643856188453651,5.642444168032373,-9.879481446262162e-07
5.643856188513328,5.642444168056479,-9.879722506767052e-07
5.643856188570197,5.642444168079405,-9.879951763380745e-07
5.643856188624521,5.642444168101264,-9.880170352971618e-07
5.64385618867647,5.642444168122126,-9.880378977200621e-07
5.643856188726013,5.642444168141986,-9.880577573895266e-07
5.64385618877334,5.642444168160918,-9.88076689800721e-07
5.643856188818546,5.642444168178968,-9.88094739362566e-07
5.643856188861713,5.642444168196171,-9.881119424903773e-07
5.643856188902949,5.642444168212573,-9.881283444812539e-07
5.643856188942308,5.6424441682282,-9.8814397109237e-07
5.643856188979923,5.642444168243104,-9.88158875614431e-07
5.64385618901579,5.642444168257289,-9.88173060711972e-07
5.643856189050058,5.642444168270817,-9.881865885574825e-07
5.643856189082795,5.642444168283714,-9.88199485796315e-07
5.643856189114007,5.642444168295988,-9.882117595338968e-07
5.643856189143881,5.642444168307715,-9.882234861535721e-07
5.643856189172354,5.642444168318869,-9.882346407863452e-07
5.643856189199587,5.642444168329519,-9.882452900455974e-07
5.643856189225577,5.6424441683396624,-9.882554339313288e-07
5.643856189250397,5.642444168349331,-9.882651026416056e-07
5.643856189274073,5.642444168358539,-9.882743103872826e-07
5.643856189296698,5.64244416836732,-9.882830918073182e-07
5.643856189318291,5.6424441683756825,-9.882914540071397e-07
5.6438561893389325,5.642444168383666,-9.882994378429544e-07
5.643856189358638,5.642444168391271,-9.883070424265838e-07
5.643856189377443,5.642444168398517,-9.883142881861318e-07
5.6438561893954,5.6424441684054205,-9.88321191996988e-07
5.6438561894125545,5.6424441684120055,-9.883277769517917e-07
5.64385618942892,5.642444168418276,-9.883340474914348e-07
5.643856189444551,5.6424441684242534,-9.883400249321994e-07
5.64385618945948,5.642444168429952,-9.883457234849402e-07
5.64385618947374,5.642444168435386,-9.88351157360512e-07
5.643856189487345,5.64244416844056,-9.883563318879851e-07
5.643856189500361,5.6424441684455005,-9.883612719363555e-07
5.6438561895127535,5.642444168450197,-9.883659686238389e-07
5.643856189524601,5.642444168454678,-9.883704494839662e-07
5.643856189535919,5.642444168458952,-9.883747233985218e-07
5.643856189546722,5.642444168463024,-9.883787956965762e-07
5.643856189557052,5.64244416846691,-9.883826814771624e-07
5.643856189566886,5.642444168470602,-9.88386373634853e-07
5.643856189576285,5.6424441684741256,-9.88389897038644e-07
5.643856189585273,5.642444168477489,-9.883932605703194e-07
5.643856189593832,5.642444168480686,-9.88396457124452e-07
5.643856189602021,5.642444168483739,-9.883995106818588e-07
5.643856189609845,5.642444168486651,-9.884024221307186e-07
5.643856189617311,5.6424441684894235,-9.88405195023745e-07
5.643856189624438,5.642444168492066,-9.884078373545435e-07
5.643856189631231,5.64244416849458,-9.884103517876497e-07
5.6438561896377255,5.642444168496981,-9.884127525339181e-07
5.643856189643924,5.6424441684992654,-9.884150369288136e-07
5.643856189649856,5.64244416850145,-9.88417221847726e-07
5.643856189655504,5.642444168503526,-9.88419297520693e-07
5.643856189660909,5.64244416850551,-9.884212817112825e-07
5.643856189666057,5.642444168507396,-9.884231673140675e-07
5.643856189670978,5.642444168509196,-9.884249676517243e-07
5.643856189675681,5.642444168510912,-9.884266836124311e-07
5.643856189680166,5.642444168512546,-9.884283178607234e-07
5.643856189684446,5.6424441685141025,-9.884298739493147e-07
5.643856189688536,5.642444168515588,-9.884313598718109e-07
5.6438561896924435,5.642444168517004,-9.884327756282119e-07
5.643856189696169,5.6424441685183515,-9.884341229948745e-07
5.643856189699728,5.642444168519637,-9.884354081890478e-07
5.643856189703125,5.642444168520862,-9.88436633875267e-07
5.64385618970637,5.64244416852203,-9.88437801829889e-07
5.643856189709466,5.642444168523143,-9.884389147174488e-07
5.643856189712425,5.642444168524204,-9.88439975202482e-07
5.643856189715246,5.6424441685252145,-9.884409859495236e-07
5.643856189717941,5.642444168526178,-9.88441949623109e-07
5.643856189720515,5.642444168527096,-9.884428671114165e-07
5.643856189722973,5.642444168527972,-9.884437437435167e-07
5.643856189725321,5.642444168528806,-9.884445777430528e-07
5.6438561897275585,5.642444168529602,-9.884453735509169e-07
5.6438561897296955,5.642444168530359,-9.884461302789305e-07
5.6438561897317365,5.642444168531081,-9.884468523679857e-07
5.643856189733688,5.64244416853177,-9.884475415944394e-07
5.643856189735547,5.642444168532426,-9.884481970701131e-07
5.643856189737325,5.642444168533051,-9.884488223477206e-07
5.643856189739017,5.642444168533646,-9.884494174272618e-07
5.643856189740639,5.642444168534215,-9.884499867496288e-07
5.643856189742186,5.642444168534757,-9.884505285384648e-07
5.643856189743659,5.642444168535272,-9.884510436819482e-07
5.643856189745071,5.642444168535765,-9.884515366209712e-07
5.6438561897464155,5.642444168536233,-9.884520046909984e-07
5.643856189747699,5.642444168536681,-9.884524523329219e-07
5.643856189748924,5.642444168537106,-9.88452877770385e-07
5.643856189750095,5.64244416853751,-9.884532818915659e-07
5.643856189751213,5.642444168537899,-9.884536709137137e-07
5.643856189752279,5.642444168538267,-9.884540386195795e-07
5.643856189753296,5.642444168538618,-9.884543894500553e-07
5.64385618975427,5.642444168538954,-9.88454725181498e-07
5.643856189755199,5.6424441685392726,-9.884550440375506e-07
5.643856189756084,5.642444168539578,-9.88455349570927e-07
5.643856189756931,5.642444168539868,-9.884556391170918e-07
5.643856189757737,5.642444168540141,-9.88455912676045e-07
5.643856189758508,5.642444168540407,-9.884561782413925e-07
5.643856189759244,5.642444168540656,-9.884564278195285e-07
5.643856189759948,5.642444168540896,-9.884566676277018e-07
5.6438561897606165,5.6424441685411235,-9.884568950013772e-07
5.64385618976126,5.642444168541343,-9.88457114381447e-07
5.64385618976187,5.642444168541549,-9.884573204388403e-07
5.643856189762452,5.642444168541746,-9.884575176144494e-07
5.643856189763011,5.642444168541935,-9.884577067964528e-07
5.643856189763543,5.642444168542114,-9.884578853203152e-07
5.64385618976405,5.642444168542285,-9.884580567387502e-07
5.643856189764533,5.642444168542448,-9.88458219275401e-07
5.643856189764997,5.642444168542603,-9.884583747066245e-07
5.643856189765439,5.6424441685427515,-9.884585230324205e-07
5.643856189765862,5.642444168542894,-9.884586651409677e-07
5.643856189766264,5.642444168543027,-9.884587983677307e-07
5.643856189766646,5.642444168543155,-9.88458926265423e-07
5.643856189767014,5.642444168543276,-9.884590470576882e-07
5.643856189767366,5.642444168543395,-9.884591660735964e-07
5.643856189767698,5.642444168543503,-9.884592744313636e-07
5.643856189768018,5.64244416854361,-9.884593819009524e-07
5.643856189768322,5.642444168543712,-9.884594831532922e-07
5.643856189768613,5.642444168543807,-9.884595781883831e-07
5.643856189768891,5.642444168543899,-9.884596705589388e-07
5.643856189769156,5.642444168543986,-9.88459757600424e-07
5.643856189769407,5.642444168544069,-9.88459840201017e-07
5.643856189769652,5.6424441685441495,-9.884599210252532e-07
5.64385618976988,5.642444168544223,-9.88459994744062e-07
5.6438561897701005,5.642444168544296,-9.884600675746924e-07
5.643856189770311,5.642444168544365,-9.884601368526091e-07
5.643856189770513,5.642444168544429,-9.884602008014554e-07
5.643856189770704,5.6424441685444915,-9.884602629739447e-07
5.643856189770886,5.642444168544552,-9.884603233700773e-07
5.64385618977106,5.642444168544608,-9.884603793253177e-07
5.643856189771226,5.642444168544661,-9.88460432616023e-07
5.643856189771386,5.6424441685447135,-9.884604850185497e-07
5.6438561897715385,5.642444168544763,-9.884605347565412e-07
5.643856189771682,5.642444168544809,-9.884605800536406e-07
5.643856189771819,5.642444168544853,-9.884606244625616e-07
5.643856189771952,5.642444168544896,-9.884606670951257e-07
5.6438561897720785,5.6424441685449365,-9.88460707951333e-07
5.643856189772198,5.642444168544975,-9.88460746143005e-07
5.643856189772315,5.642444168545014,-9.884607852228555e-07
5.643856189772424,5.6424441685450475,-9.884608189736355e-07
5.643856189772529,5.642444168545081,-9.884608527244154e-07
5.643856189772627,5.642444168545112,-9.884608838106601e-07
5.643856189772722,5.642444168545142,-9.88460913120548e-07
5.643856189772815,5.642444168545172,-9.884609433186142e-07
5.643856189772901,5.6424441685452,-9.884609717403237e-07
5.643856189772984,5.642444168545225,-9.884609966093194e-07
5.643856189773063,5.64244416854525,-9.884610214783152e-07
5.643856189773138,5.642444168545273,-9.88461044570954e-07
5.643856189773212,5.642444168545297,-9.884610685517714e-07
5.643856189773278,5.642444168545318,-9.884610898680535e-07
5.643856189773345,5.642444168545338,-9.884611094079787e-07
5.643856189773408,5.6424441685453575,-9.88461128947904e-07
5.643856189773467,5.642444168545377,-9.884611484878292e-07
5.643856189773526,5.642444168545396,-9.88461167139576e-07
5.643856189773579,5.642444168545412,-9.884611831267875e-07
5.643856189773633,5.6424441685454285,-9.884612000021775e-07
5.643856189773681,5.6424441685454445,-9.88461215989389e-07
5.64385618977373,5.64244416854546,-9.884612310884222e-07
5.643856189773776,5.642444168545474,-9.88461245299277e-07
5.643856189773816,5.642444168545485,-9.884612568455964e-07
5.6438561897738575,5.6424441685455005,-9.884612719446295e-07
5.643856189773899,5.642444168545513,-9.884612843791274e-07
5.643856189773935,5.6424441685455236,-9.884612950372684e-07
5.643856189773972,5.642444168545533,-9.88461304807231e-07
5.643856189774005,5.642444168545545,-9.884613163535505e-07
5.643856189774037,5.642444168545554,-9.884613252353347e-07
5.643856189774068,5.6424441685455635,-9.884613350052973e-07
5.643856189774099,5.642444168545572,-9.884613438870815e-07
5.643856189774128,5.642444168545583,-9.884613545452225e-07
5.643856189774155,5.642444168545591,-9.884613625388283e-07
5.64385618977418,5.642444168545597,-9.884613687560773e-07
5.643856189774205,5.642444168545607,-9.884613785260399e-07
5.643856189774228,5.642444168545612,-9.884613838551104e-07
5.643856189774253,5.64244416854562,-9.884613918487162e-07
5.643856189774274,5.6424441685456275,-9.884613989541435e-07
5.643856189774293,5.642444168545632,-9.884614033950356e-07
5.643856189774313,5.642444168545637,-9.884614087241061e-07
5.643856189774334,5.6424441685456435,-9.88461414941355e-07
5.643856189774351,5.642444168545651,-9.884614220467824e-07
5.643856189774368,5.642444168545655,-9.884614264876745e-07
5.643856189774383,5.6424441685456594,-9.884614309285666e-07
5.6438561897744,5.642444168545665,-9.884614362576372e-07
5.643856189774414,5.642444168545671,-9.88461442474886e-07
5.643856189774427,5.642444168545673,-9.88461444251243e-07
5.643856189774439,5.642444168545676,-9.884614478039566e-07
5.6438561897744535,5.642444168545681,-9.884614522448487e-07
5.643856189774467,5.642444168545685,-9.884614566857408e-07
5.643856189774479,5.64244416854569,-9.88461461126633e-07
5.643856189774488,5.642444168545691,-9.884614629029898e-07
5.6438561897745,5.642444168545695,-9.884614664557034e-07
5.643856189774508,5.642444168545697,-9.884614682320603e-07
5.64385618977452,5.642444168545701,-9.884614726729524e-07
5.643856189774531,5.642444168545704,-9.884614753374876e-07
5.643856189774539,5.642444168545706,-9.884614771138445e-07
5.643856189774548,5.642444168545709,-9.884614806665581e-07
5.643856189774555,5.642444168545709,-9.884614806665581e-07
5.643856189774563,5.6424441685457145,-9.884614859956287e-07
5.643856189774569,5.642444168545715,-9.88461486883807e-07
5.643856189774575,5.642444168545716,-9.884614877719855e-07
5.643856189774583,5.64244416854572,-9.884614913246992e-07
5.643856189774589,5.64244416854572,-9.884614913246992e-07
5.643856189774597,5.642444168545723,-9.884614948774129e-07
5.643856189774601,5.642444168545724,-9.884614957655913e-07
5.643856189774607,5.642444168545724,-9.884614957655913e-07
5.643856189774614,5.642444168545729,-9.884615002064834e-07
5.643856189774618,5.642444168545729,-9.884615002064834e-07
5.643856189774623,5.6424441685457305,-9.884615019828402e-07
5.643856189774627,5.6424441685457305,-9.884615019828402e-07
5.643856189774632,5.642444168545733,-9.884615046473755e-07
5.6438561897746355,5.642444168545735,-9.884615064237323e-07
5.643856189774639,5.642444168545736,-9.884615073119107e-07
5.6438561897746435,5.642444168545736,-9.884615073119107e-07
5.643856189774647,5.6424441685457385,-9.88461509976446e-07
5.643856189774651,5.642444168545739,-9.884615108646244e-07
5.643856189774653,5.64244416854574,-9.884615117528028e-07
5.643856189774658,5.64244416854574,-9.884615117528028e-07
5.643856189774659,5.64244416854574,-9.884615117528028e-07
5.643856189774664,5.642444168545743,-9.88461514417338e-07
5.6438561897746675,5.642444168545743,-9.88461514417338e-07
5.643856189774669,5.642444168545745,-9.88461516193695e-07
5.643856189774672,5.642444168545745,-9.88461516193695e-07
5.643856189774674,5.642444168545745,-9.88461516193695e-07
5.6438561897746755,5.642444168545745,-9.88461516193695e-07
5.643856189774678,5.642444168545746,-9.884615170818734e-07
5.643856189774682,5.642444168545748,-9.884615197464086e-07
5.643856189774684,5.642444168545748,-9.884615197464086e-07
5.643856189774687,5.642444168545748,-9.884615197464086e-07
5.643856189774688,5.642444168545749,-9.88461520634587e-07
5.64385618977469,5.642444168545749,-9.88461520634587e-07
5.643856189774691,5.642444168545749,-9.88461520634587e-07
5.643856189774692,5.64244416854575,-9.884615215227655e-07
5.643856189774693,5.64244416854575,-9.884615215227655e-07
5.643856189774695,5.64244416854575,-9.884615215227655e-07
5.643856189774699,5.642444168545753,-9.884615241873007e-07
5.6438561897746995,5.642444168545753,-9.884615241873007e-07
5.6438561897747,5.642444168545753,-9.884615241873007e-07
5.643856189774702,5.642444168545753,-9.884615241873007e-07
5.643856189774704,5.642444168545754,-9.884615250754791e-07
5.643856189774707,5.642444168545754,-9.884615250754791e-07
5.6438561897747075,5.642444168545754,-9.884615250754791e-07
5.643856189774708,5.642444168545754,-9.884615250754791e-07
5.64385618977471,5.642444168545754,-9.884615250754791e-07
5.643856189774711,5.642444168545754,-9.884615250754791e-07
5.643856189774713,5.642444168545755,-9.88461526851836e-07
5.6438561897747155,5.642444168545759,-9.884615304045496e-07
5.643856189774716,5.642444168545759,-9.884615304045496e-07
5.643856189774717,5.642444168545759,-9.884615304045496e-07
5.64385618977472,5.642444168545759,-9.884615304045496e-07
5.643856189774722,5.642444168545759,-9.884615304045496e-07
5.643856189774723,5.642444168545759,-9.884615304045496e-07
