complexity,accuracy,distortion,beta,mse
1.4230394640435406e-10,1.4244072588098788e-10,4.616410832997756,1.0,1665.9607041160607
1.024448081921036e-09,1.0253575766228096e-09,4.616410832114839,1.000050505050505,1665.960702111075
6.666628138418673e-09,6.671861285667546e-09,4.616410826468336,1.0001010101010102,1665.960689287293
3.921540603357698e-08,3.924223790363613e-08,4.616410793897959,1.0001515151515152,1665.9606153090376
2.085185109024225e-07,2.0864010785714981e-07,4.616410624500089,1.00020202020202,1665.960230509696
1.002240905378926e-06,1.002724095755525e-06,4.616409830416101,1.0002525252525252,1665.9584265041476
4.35453088165616e-06,4.356190327570175e-06,4.616406476949869,1.0003030303030302,1665.9508072909737
1.710230387530487e-05,1.7107093736257184e-05,4.616393726046461,1.000353535353535,1665.9218338422284
6.071767448112553e-05,6.072854718297549e-05,4.616350104593014,1.0004040404040404,1665.8227059051035
0.0001948638416955,0.0001948790577426,4.616215954082454,1.0004545454545457,1665.5178425724393
0.0005653666123315,0.0005653536941636,4.615845479446033,1.0005050505050506,1664.6759933046192
0.0014831846926224,0.0014830013429047,4.614927831797292,1.0005555555555556,1662.591576031914
0.0035200604758589,0.0035192722761276,4.612891560864069,1.0006060606060605,1657.970969455771
0.0075667909760337,0.0075643462204553,4.608846486919742,1.0006565656565656,1648.8125774121747
0.0147676343849365,0.0147614317432491,4.601649401396948,1.0007070707070709,1632.5868786389017
0.0262740521607014,0.0262605704400176,4.590150262700179,1.0007575757575755,1606.848502641197
0.0428777474374157,0.0428519938785729,4.573558839261624,1.0008080808080808,1570.119827377655
0.0647060281574134,0.0646619641924601,4.551748868947737,1.000858585858586,1522.577907040399
0.091155020368685,0.0910863594024355,4.525324473737761,1.000909090909091,1466.1124916340052
0.1210819881601832,0.1209830475812161,4.495427785558981,1.000959595959596,1403.7421187851141
0.1531242758760012,0.15299058179734,4.463420251342857,1.001010101010101,1338.7709815733883
0.1859855499655331,0.1858140784135233,4.430596754726674,1.001060606060606,1274.1041698391628
0.2186060565329537,0.2183951713056195,4.398015661834577,1.001111111111111,1211.9051451583061
0.250217541456049,0.2499667607843587,4.366444072355838,1.001161616161616,1153.5525348831598
0.2803233703076646,0.280033079954995,4.336377753185202,1.0012121212121212,1099.7649444692531
0.3086455534991081,0.3083167379990428,4.308094095141154,1.0012626262626263,1050.7791982666301
0.3350660915202557,0.3347001141797374,4.2817107189604595,1.0013131313131314,1006.5166993988494
0.3595758478883635,0.3591742848673789,4.257236548272818,1.0013636363636362,966.7131443518031
0.382235014674686,0.381799536631231,4.234611296508966,1.001414141414141,931.0093937426927
0.4031447257569791,0.4026770168939837,4.213733816246213,1.0014646464646464,899.0103512933337
0.4224277321977201,0.4219294368242874,4.1944813963159095,1.0015151515151517,870.3205248902054
0.4402158282785109,0.4396885167093121,4.176722316430885,1.0015656565656563,844.5638197420487
0.456642044903699,0.45608719246251,4.160323640677687,1.0016161616161616,821.3932357258345
0.4718360888759054,0.4712550634660264,4.1451557696741705,1.0016666666666667,800.4944022387018
0.4859219305414157,0.4853159855728357,4.131094847567361,1.0017171717171718,781.5855410156707
0.499016777048336,0.498387047492324,4.118023785647873,1.0017676767676766,764.4154995422227
0.5112309125928309,0.510578412637555,4.105832420502642,1.0018181818181815,748.7608646707041
0.522668056152396,0.5219936774340326,4.094417155706164,1.0018686868686868,734.4227598176943
0.5334259998508237,0.5327305095964423,4.083680323543755,1.001919191919192,721.2236769053529
0.5435973635971507,0.5428814022891082,4.073529430851089,1.001969696969697,709.0045423020679
0.5532703468976745,0.5525344252905118,4.063876407849685,1.002020202020202,697.6221270608137
0.562529386504238,0.5617738820188141,4.054636951121383,1.0020707070707071,686.9468606650123
0.5714556461855107,0.5706807988864941,4.045730034253703,1.002121212121212,676.8610777077986
0.5801272780750573,0.5793331866127875,4.037077646527409,1.002171717171717,667.257707572903
0.5886194082824918,0.5878060263452536,4.028604806794943,1.002222222222222,658.0394011467644
0.5970038162980114,0.5961709502655879,4.020239882874609,1.0022727272727272,649.118071426248
0.6053483005908831,0.6044956091849905,4.0119152239552065,1.0023232323232325,640.4148043314101
0.6137157525813901,0.6128427493500599,4.003568083790137,1.0023737373737374,631.8600718854191
0.6221629966695623,0.6212690560948406,3.995141777045356,1.0024242424242424,623.394154084359
0.6307394916245954,0.6298238594862955,3.9865869736539015,1.0024747474747475,614.9676521070216
0.6394860224392538,0.6385478307946357,3.9778630023455617,1.0025252525252524,606.5419592924552
0.6484335343244592,0.6474718210868762,3.968939012053321,1.0025757575757577,598.089553142009
0.6576022646499169,0.6566159973049963,3.9597948358352006,1.0026262626262623,589.5939858204819
0.6670013095389518,0.6659894120830732,3.950421421057124,1.0026767676767676,581.0494836015906
0.6766287192090541,0.6755901010023173,3.94082073213788,1.0027272727272727,572.4601146103706
0.6864721553180022,0.6854057402820235,3.9310050928581735,1.0027777777777778,563.8385419411093
0.6965100748050652,0.6954148293148545,3.9209960038253424,1.0028282828282828,555.204435694358
0.7067133408779505,0.7055882988135895,3.910822534326607,1.002878787878788,546.5826621484944
0.7170471148833499,0.7158913986013751,3.900519434538822,1.0029292929292928,538.0013930809566
0.7274728606414218,0.7262856970433234,3.8901251360968736,1.002979797979798,529.4902797622472
0.7379502971897676,0.7367310285344999,3.879679804605697,1.003030303030303,521.0788162977497
0.7484391626134421,0.7471872521689704,3.8692235809712265,1.003080808080808,512.7949820674236
0.7589006925313591,0.7576157255291154,3.8587951076110816,1.003131313131313,504.66421146026175
0.7692987623773444,0.7679804429891348,3.848430390151062,1.0031818181818182,496.7086990782133
0.7796006845865708,0.778248829777823,3.838162003362374,1.0032323232323233,488.94701612243637
0.7897776846982651,0.788392215836792,3.828018617303405,1.003282828282828,481.39399184062296
0.7998051019158456,0.7983860349572538,3.818024798182943,1.0033333333333332,474.0608029943811
0.8096623701927061,0.8082098051516446,3.808201027988552,1.0033838383838385,466.9552126138186
0.8193328374979352,0.8178469477764416,3.7985638853637553,1.0034343434343431,460.0819041801251
0.8288034763122809,0.8272844983144356,3.7891263348257618,1.0034848484848484,453.4428660415653
0.8380645303023808,0.8365127536334587,3.7798980795067383,1.0035353535353535,447.0377909752467
0.8471091327024904,0.8455248911387532,3.770885942001444,1.0035858585858586,440.8644656827293
0.8559329227240529,0.8543165860496185,3.7620942470905785,1.0036363636363637,434.9191336512558
0.8645336782213899,0.8628856449606062,3.753525188179591,1.0036868686868683,429.19682177463324
0.8729109762886047,0.8712316673129905,3.7451791658272064,1.0037373737373736,423.6916263406906
0.8810658885465266,0.8793557415011666,3.7370550916390304,1.003787878787879,418.39695760962866
0.8890007145261993,0.8872601789967671,3.72915065414343,1.0038383838383838,413.3057444761865
0.8967187546316708,0.8949482879556054,3.721462545184591,1.0038888888888888,408.4106018854268
0.9042241235729324,0.9024241871817348,3.713986645958462,1.003939393939394,403.7039639588128
0.9115216058945492,0.9096926620534732,3.706718171086724,1.003989898989899,399.17818530415786
0.9186165574208776,0.91675906620058,3.699651766939617,1.0040404040404038,394.825611741864
0.9255148603767652,0.9236292766406038,3.692781556499593,1.004090909090909,390.6386195823943
0.9322229459997756,0.930309716109841,3.686101117030356,1.004141414141414,386.6096194494503
0.9387479069334717,0.9368074647557254,3.679603368384472,1.004191919191919,382.7310162660332
0.9450977323761371,0.943130493988928,3.673280339151269,1.0042424242424242,378.9951114126105
0.9512817103753032,0.9492880666504816,3.6671227664897152,1.0042929292929292,375.3939268314643
0.9573110498068508,0.9552913557526193,3.6611194773875777,1.0043434343434343,371.9189258668539
0.963199771512409,0.9611543309918869,3.65525650214831,1.0043939393939394,368.56060590135627
0.9689658912823464,0.9668949355611698,3.649515897579027,1.0044444444444445,365.30795005469315
0.9746328524596084,0.972536511168384,3.643874321971813,1.004494949494949,362.1477576584461
0.9802310561316236,0.9781093198695244,3.638301513270672,1.0045454545454544,359.06393113235936
0.9857992009395672,0.9836518760281424,3.6327589571120544,1.0045959595959597,356.03687282712065
0.9913850443129136,0.98921170197932,3.627199131160877,1.0046464646464646,353.0432089368264
0.9970452285202214,0.994845152414504,3.621565680725693,1.0046969696969696,350.0560581816239
1.0028440438642328,1.000616180274367,3.61579465286583,1.0047474747474747,347.04596348395705
1.0088513589766777,1.0065942725675256,3.6098165605726713,1.0047979797979798,343.9824398317143
1.0151402032592785,1.0128520378134451,3.603558795326752,1.0048484848484849,340.83599407935515
1.0217845644054542,1.019463003903354,3.596947829236843,1.0048989898989895,337.58055524839085
1.028860852030542,1.0265030678954972,3.5899077652447,1.0049494949494948,334.1954388038011
1.0366034206904209,1.034205907431648,3.582204925708549,1.005,330.59466543104764
1.0641909060129855,1.0616498350988834,3.5547609980413135,1.005252525252525,317.1442357507128
1.0914575082055222,1.0887678104750194,3.5276430226651776,1.0055050505050505,304.43244548328954
1.1182986971213609,1.1154561132788174,3.5009547198613795,1.0057575757575756,292.4474208959127
1.1445089360550913,1.1415106758605784,3.4749001572796185,1.0060101010101008,281.2203954003255
1.1698810111779565,1.16672588893495,3.449684944205247,1.0062626262626262,270.777629108793
1.1942630045291374,1.190951212046352,3.425459621093845,1.0065151515151514,261.1191353368422
1.2175801728380833,1.2141128605317046,3.4022979726084923,1.0067676767676768,252.21497350291583
1.239833954575829,1.236212753499874,3.380198079640323,1.007020202020202,244.01048032472144
1.2610884904826172,1.2573150640705748,3.359095769069622,1.007272727272727,236.43478385774944
1.281451866381147,1.277527544454225,3.338883288685972,1.0075252525252525,229.40949656659484
1.301056545678266,1.2969820671998935,3.319428765940303,1.0077777777777777,222.85612543214603
1.3200411412066,1.3158165174813623,3.3005943156588344,1.0080303030303028,216.70178750090363
1.3385340851236656,1.3341585894716168,3.28225224366858,1.0082828282828282,210.8834089826783
1.3566397184109409,1.3521120014488606,3.2642988316913364,1.0085353535353534,205.35059106542977
1.3744285539030263,1.3697468645834423,3.2466639685567547,1.0087878787878788,200.0669296979908
1.391934117184979,1.3870965819734362,3.2293142511667607,1.009040404040404,195.00938148441165
1.4091573772739991,1.4041622713183397,3.2122485618218573,1.0092929292929291,190.1656684091301
1.426077027819067,1.4209229782052386,3.1954878549349583,1.0095454545454543,185.53043941425886
1.442661881130423,1.4373479708062895,3.179062862333907,1.0097979797979797,181.10133265207014
1.4588817193255093,1.4534074936851429,3.163003339455054,1.0100505050505049,176.87589718719076
1.474714584107252,1.4690799845341689,3.1473308486060283,1.0103030303030305,172.84977283413667
1.4901502703663976,1.4843555258892351,3.132055307250962,1.0105555555555554,169.0160182418222
1.5051908187433298,1.499236323325464,3.117174509814733,1.0108080808080808,165.36523927356038
1.5198490435928171,1.5137352392449088,3.102675593895288,1.011060606060606,161.88616357145196
1.53414596283854,1.5278732418145076,3.0885375913256894,1.0113131313131312,158.56640073625886
1.548107749605233,1.5416763835297689,3.0747344496104283,1.0115656565656566,155.39322394312808
1.561762648063686,1.555172747535421,3.061238085604776,1.0118181818181815,152.35427360898558
1.5751381934674331,1.568389697888012,3.048021135252185,1.012070707070707,149.43812086437433
1.5882590017659304,1.5813516956887597,3.0350591374514373,1.0123232323232323,146.63465312440505
1.6011453063288972,1.59407885578295,3.022331977357247,1.0125757575757577,143.93526710282887
1.6138123067178824,1.6065863071996418,3.009824525940555,1.0128282828282829,141.33287907124674
1.6262702731429517,1.618884300599781,2.997526532540416,1.013080808080808,138.8217847439816
1.638525248370904,1.6309789055014043,2.9854319276387926,1.0133333333333332,136.39741669352082
1.650580129401451,1.6428730816150665,2.9735377515251304,1.0135858585858586,134.05605236412018
1.6624359015911736,1.6545678994561186,2.9618429336840784,1.0138383838383838,131.79452078553626
1.6740928292513573,1.6660637166840946,2.9503471164561024,1.014090909090909,129.60994422968497
1.6855514609775015,1.6773611704177558,2.939049662722441,1.0143434343434343,127.49953669254053
1.6968133668527,1.6884619040600803,2.9279489290801166,1.0145959595959595,125.46046789633057
1.7078815761687096,1.6993689980670954,2.9170418350731016,1.0148484848484849,123.4897914453822
1.7187607240482483,1.7100871133093332,2.906323719830864,1.01510101010101,121.58442911412877
1.7294569441794805,1.72062238406785,2.895788449072347,1.0153535353535352,119.74119932762626
1.7399775650938096,1.7309821175719868,2.88542871556821,1.0156060606060606,117.9568759063005
1.7503306800939225,1.7411743693874726,2.8752364637527243,1.0158585858585858,116.22826262653179
1.7605246653847235,1.7512074682388723,2.8652033649013244,1.016111111111111,114.55227000957323
1.7705677161071272,1.7610895589626647,2.855321274177532,1.0163636363636364,112.92598299097261
1.7804674562082443,1.7708282186319764,2.8455826145082206,1.0166161616161615,111.34671150774294
1.7902306581026153,1.7804301811466932,2.835980651993504,1.016868686868687,109.81202000086377
1.7998630862425171,1.789901184041181,2.826509649099016,1.017121212121212,108.31973561446591
1.809369459411892,1.7992459322496457,2.8171649008905515,1.0173737373737373,106.86793782730803
1.818753512730957,1.8084681599765489,2.807942673163648,1.0176262626262629,105.45493403650332
1.8280181329289815,1.8175707645425856,2.7988400685976114,1.0178787878787878,104.07922624014492
1.8371655386482573,1.826555984352817,2.78985484878738,1.018131313131313,102.73947369551564
1.8461974797423988,1.8354255953393783,2.7809852378008184,1.0183838383838384,101.43445561605775
1.8551154339672369,1.8441811046293088,2.7722297285108883,1.0186363636363636,100.16303693421807
1.863920784715136,1.852823925381312,2.763586907758885,1.018888888888889,98.92413912640603
1.8726149685943856,1.8613555218190356,2.7550553113211613,1.019141414141414,97.71671719700835
1.8811995862422393,1.869777518009407,2.74663331513079,1.0193939393939393,96.53974319672628
1.8896764736456184,1.8780917677581748,2.738319065382022,1.0196464646464647,95.39219610223944
1.8980477344732736,1.8863003861682603,2.7301104469719366,1.01989898989899,94.2730574809777
1.9063157365986747,1.8944057460300952,2.7220050871101016,1.020151515151515,93.18131207490786
1.914483078183865,1.9024104443569012,2.7140003887832957,1.0204040404040404,92.1159522373616
1.9225525303940447,1.9103172460362392,2.7060935871039575,1.0206565656565656,91.07598503699825
1.9305269649384336,1.9181290126619288,2.698281820478268,1.020909090909091,90.06044080448014
1.9384092750691424,1.9258486250259796,2.6905622081142173,1.0211616161616162,89.06838194637614
1.946202298334191,1.9334789074085383,2.6829319257316584,1.021414141414141,88.09891098892568
1.9539087482807371,1.9410225607140372,2.6753882724261597,1.0216666666666667,87.15117703240088
1.9615311605684231,1.9484821097907972,2.6679287233494,1.021919191919192,86.22438007186388
1.9690718568149563,1.9558598681699328,2.6605509649702643,1.022171717171717,85.31777293872548
1.9765329272541,1.9631579212594836,2.6532529118807133,1.0224242424242425,84.43066090210108
1.9839162312388492,1.970378127024082,2.646032706116115,1.0226767676767676,83.56239920556725
1.9912234130098252,1.9775221316034273,2.6388887015367697,1.022929292929293,82.7123889802024
1.9984559291069088,1.984591396306998,2.631819436833199,1.0231818181818182,81.88007205973645
2.0056150833542503,1.991587231989458,2.624823601150739,1.0234343434343434,81.06492523339035
2.0127020654180434,1.9985108368848667,2.61789999625533,1.0236868686868688,80.26645442253256
2.0197179893895125,2.0053633344265727,2.6110474987136243,1.023939393939394,79.48418917931605
2.026663929528592,2.0121458082525248,2.604265024887672,1.024191919191919,78.7176777998001
2.0335409510778,2.018859332356421,2.5975515007837764,1.0244444444444445,77.96648323768834
2.04035013481516,2.0255049950901896,2.5909058380500074,1.0246969696969697,77.23017990921106
2.0470925946944245,2.032083916388844,2.584326916751353,1.024949494949495,76.50835140083505
2.0537694884930904,2.038597258148741,2.577813574991456,1.0252020202020202,75.80058903068002
2.060382021854741,2.0450462281450363,2.5713646049951606,1.0254545454545454,75.10649116994091
2.066931446483867,2.051432078236811,2.564978754903386,1.0257070707070708,74.42566319944457
2.073419053544775,2.0577560978928844,2.558654735247313,1.025959595959596,73.75771795593224
2.0798461635351,2.0640196042838213,2.5523912288563757,1.0262121212121211,73.10227651118197
2.0862141140510833,2.0702239303264385,2.5461869028137585,1.0264646464646463,72.45896912387911
2.0925242469337135,2.076370412135013,2.540040421005184,1.0267171717171717,71.8274362086211
2.098777896289377,2.082460377335643,2.533950455804554,1.026969696969697,71.20732917746392
2.104976378841716,2.0884951356614447,2.527915697478752,1.0272222222222225,70.59831102414321
2.111120988052674,2.09447597322575,2.521934859914447,1.0274747474747474,70.0000565339607
2.117212993559072,2.1004041519728656,2.5160066811673314,1.0277272727272728,69.41225200407025
2.1232536479068287,2.106280916227158,2.510129916913039,1.027979797979798,68.83459433349827
2.12924420373999,2.112107509400447,2.50430332373975,1.0282323232323232,68.26678925814564
2.135185947509015,2.117885206739345,2.498525626400852,1.0284848484848486,67.70854828787333
2.1410802630534285,2.1236153770736745,2.4927954560665224,1.0287373737373735,67.15958334982645
2.146928757596692,2.129299605156451,2.487111227983746,1.0289898989898991,66.61959668763802
2.152733536028686,2.1349399579865587,2.4814708751536383,1.0292424242424243,66.08825953866446
2.158497865908039,2.14053963054425,2.475871202595947,1.0294949494949497,65.56516136510464
2.1642279763907677,2.146104692712223,2.470306140427974,1.0297474747474749,65.04967425258157
2.1699397122713915,2.151650556250633,2.464760276889564,1.03,64.54046435209297
2.17773307567734,2.159215380248517,2.45719545289168,1.03035175879397,63.85154940740058
2.1854405224765756,2.1666942572108354,2.4497165759293615,1.0307035175879398,63.17793684470397
2.193063669341912,2.174088813660214,2.442322019479983,1.0310552763819096,62.519143654697
2.2006040909489,2.1814006337034098,2.435010199436787,1.0314070351758795,61.87470636229824
2.208063335363862,2.188631274018311,2.427779559121886,1.0317587939698494,61.24417891833595
2.2154429355912963,2.1957822750904956,2.4206285580497013,1.032110552763819,60.627131033420895
2.222744417778024,2.2028551691898137,2.4135556639503832,1.032462311557789,60.02314687995836
2.22996930619518,2.2098514852111713,2.4065593479290257,1.0328140703517588,59.43182412360805
2.2371191249059432,2.2167727502960624,2.3996380828441346,1.0331658291457286,58.85277326590903
2.24419539636658,2.2236204884802753,2.3927903446599217,1.0335175879396985,58.28561725571498
2.2511996380326664,2.230396217411595,2.3860146157286017,1.0338693467336684,57.7299912672867
2.258133358811494,2.2371014449250595,2.3793093882151375,1.0342211055276382,57.18554249164984
2.2649980572455437,2.243737667303675,2.372673165836522,1.034572864321608,56.65192979542964
2.271795222311617,2.250306370080933,2.366104463059264,1.034924623115578,56.12882318705721
2.278526335997464,2.256809030572178,2.3596018025680188,1.0352763819095478,55.61590316366968
2.285192875196108,2.2632471197520747,2.3531637133881222,1.0356281407035175,55.11286012835882
2.2917963097866885,2.269622100448567,2.34678873269163,1.0359798994974874,54.61939410553179
2.29833809446051,2.275935419493182,2.340475413647015,1.0363316582914572,54.13521491844645
2.3048196536922365,2.2821884932516188,2.334222339888578,1.036683417085427,53.660042850543604
2.311242361575024,2.2883826881999223,2.3280281449402747,1.037035175879397,53.19360964570434
2.317607520189979,2.294519300096658,2.321891533043539,1.0373869346733668,52.73565957361159
2.323916341067772,2.3005995361539817,2.3158112969862152,1.0377386934673367,52.2859502409529
2.330169933800253,2.306624504122711,2.309786329017486,1.0380904522613066,51.84425288281622
2.336369304149212,2.3125952105499934,2.3038156225902036,1.0384422110552765,51.410352001225164
2.342515361691609,2.3185125682379386,2.2978982649022583,1.0387939698492463,50.98404438146114
2.34860893493002,2.324377410895295,2.292033422244902,1.0391457286432162,50.56513765589597
2.35465079052031,2.33019051174569,2.2862203213945076,1.039497487437186,50.15344865929559
2.3606416530623395,2.3359526026612567,2.2804582304789403,1.0398492462311557,49.74880181846282
2.366582222584716,2.341664391056044,2.2747464420841528,1.0402010050251256,49.35102776017789
2.372473188006184,2.3473265728867947,2.2690842602534023,1.0405527638190954,48.95996223645891
2.3783152360340267,2.352939841245753,2.263470991894444,1.040904522613065,48.57544538529302
2.384109055865098,2.358504890902749,2.257905942237448,1.0412562814070352,48.19732128676641
2.3898553405766325,2.3640224196553152,2.2523884134848817,1.041608040201005,47.82543774421708
2.3955547862650466,2.3694931275092266,2.2469177056309704,1.041959798994975,47.459646213529425
2.4012080899165387,2.374917714638645,2.241493118501552,1.0423115577889448,47.09980181273488
2.4068159467888464,2.380296878877127,2.23611395426307,1.042663316582915,46.74576336048952
2.4123790478405915,2.385631313256008,2.230779519884189,1.0430150753768843,46.39739340967009
2.417898077520352,2.39092170389031,2.225489129249887,1.0433668341708544,46.0545582577269
2.42337371205009,2.396168728341154,2.220242104799043,1.043718592964824,45.717127927065135
2.4288066182127217,2.401373054463738,2.215037778676459,1.044070351758794,45.38497611645348
2.4341974525779726,2.406535339676992,2.2098754934632048,1.0444221105527638,45.05798012883828
2.4395468610637607,2.4116562305559093,2.2047546025842877,1.0447738693467337,44.73602078275652
2.4448554787214345,2.416736362638984,2.199674470501213,1.0451256281407035,44.41898231461969
2.450123929643375,2.4217763603532365,2.1946344727869604,1.0454773869346734,44.10675227813973
2.455352826911584,2.4267768369786484,2.1896339961615485,1.0458291457286433,43.79922144563504
2.4605427725310047,2.4317383945980797,2.1846724385421172,1.0461809045226131,43.49628371426357
2.465694357316366,2.4366616240028343,2.1797492091373627,1.046532663316583,43.19783601863742
2.4708081607237524,2.441547104545455,2.174863728594742,1.0468844221105529,42.903778249938675
2.4758847506359434,2.4463954039485856,2.1700154291916114,1.0472361809045228,42.614013180655505
2.480924683123213,2.451207078090647,2.16520375504955,1.0475879396984924,42.32844639341809
2.4859285022083526,2.45598267079583,2.160428162344367,1.0479396984924625,42.046986212114845
2.4908967396666135,2.4607227136578764,2.1556881194823205,1.048291457286432,41.76954363347128
2.495829914889077,2.465427725924714,2.150983107215483,1.048643216080402,41.496032257501376
2.500728534832396,2.470098214465759,2.146312618674438,1.048994974874372,41.226368215641806
2.5055930940700595,2.474734673836279,2.141676159303918,1.0493467336683415,40.96047009586132
2.510424074951784,2.479337586444911,2.1370732466952855,1.0496984924623116,40.698258864545025
2.5152219478688895,2.4839074228221047,2.132503410318092,1.0500502512562817,40.43965778542739
2.519987171615929,2.4884446419800224,2.1279661911601746,1.0504020100502514,40.18459233624223
2.5247201938325183,2.49294969184845,2.123461141291747,1.0507537688442212,39.93299012405043
2.5294214515051205,2.4974230097672514,2.1189878233729456,1.051105527638191,39.68478080038084
2.53409137150617,2.5018650230136625,2.1145458101265344,1.0514572864321607,39.439895977381994
2.53873037114747,2.506276149342479,2.1101346837977175,1.0518090452261306,39.19826914613829
2.543338858726212,2.5106567975183616,2.1057540356218354,1.0521608040201005,38.95983559818244
2.5479172340445544,2.5150073678222107,2.1014034653179863,1.0525125628140704,38.724532351040466
2.5524658888874843,2.519328252516999,2.097082580623198,1.0528643216080402,38.49229807841778
2.556985207448042,2.5236198362628546,2.0927909968773424,1.05321608040201,38.26307304537953
2.561475566693824,2.527882496475618,2.088528336664579,1.05356783919598,38.03679904862373
2.5659373366732865,2.532116603627511,2.084294229512686,1.0539195979899498,37.813419361709805
2.570370880764532,2.536322521492703,2.0800883116474935,1.0542713567839197,37.59287868490371
2.574776555872768,2.5405006073436613,2.0759102257965356,1.0546231155778896,37.37512309914928
2.5791547125850034,2.5446512121064657,2.0717596210337312,1.0549748743718594,37.16010002358184
2.5835056952917004,2.548774680484581,2.0676361526556164,1.055326633165829,36.94775817596735
2.58782984228543,2.5528713510604444,2.063539482079753,1.055678391959799,36.738047535470514
2.592127485845539,2.556941556383677,2.05946927675652,1.0560301507537688,36.530919307223414
2.596398952316722,2.5609856230532895,2.0554252100869075,1.0563819095477387,36.32632588825278
2.6006445621873553,2.56500387179954,2.051406961340657,1.0567336683417086,36.12422083443124
2.604864630171903,2.5689966175695833,2.0474142155706136,1.0570854271356784,35.92455882821421
2.609059465300083,2.572964169619274,2.043446663520923,1.0574371859296483,35.727295647011005
2.6132293710140164,2.5769068316124724,2.0395040015277246,1.0577889447236182,35.53238813210749
2.617374645273779,2.580824901728173,2.035585931412024,1.058140703517588,35.339794158110664
2.6214955806708407,2.5847186727748923,2.0316921603653046,1.058492462311558,35.149472602923666
2.625592464548241,2.5885884323113117,2.027822400828885,1.0588442211055278,34.961383318289286
2.629665579126044,2.592434462771715,2.023976370368482,1.0591959798994974,34.775487100960405
2.633715201629943,2.5962570415942228,2.020153791545974,1.0595477386934673,34.59174566456843
2.637741604421036,2.600056441349947,2.01635439179025,1.0598994974874372,34.41012161226858
2.641745055124531,2.6038329298709613,2.0125779032692357,1.060251256281407,34.23057841023301
2.645725816755508,2.607586770375214,2.008824062764983,1.060603015075377,34.053080362053166
2.6496841478401123,2.611318221587023,2.0050926115531738,1.0609547738693468,33.877592584091346
2.653620302531147,2.6150275378520025,2.0013832952881945,1.0613065326633166,33.7040809817984
2.6575345307174025,2.618714969245989,1.997695863894208,1.0616582914572863,33.53251222699212
2.6614270781265184,2.6223807616775705,1.9940300714626265,1.0620100502512564,33.36285373607434
2.6652981864213245,2.6260251569843653,1.9903856761558316,1.0623618090452265,33.19507364915416
2.6691480932897864,2.629648393023107,1.98676244011709,1.062713567839196,33.029140810040474
2.6729770325286,2.633250703753564,1.9831601293866328,1.0630653266331658,32.865024747066876
2.6767852341207927,2.6368323193166745,1.9795785138235225,1.0634170854271356,32.70269565470843
2.6805729243074907,2.640393466107069,1.976017367033128,1.0637688442211055,32.54212437594522
2.6843403256548957,2.6439343668409556,1.9724764662992411,1.0641206030150754,32.38328238531035
2.6880876571176167,2.6474552406204257,1.9689555925197713,1.0644723618090453,32.22614177254515
2.6918151341002368,2.6509563029960503,1.9654545301441464,1.0648241206030151,32.070675226764
2.695522968519459,2.654437766029922,1.961973067110275,1.065175879396985,31.91685602102063
2.699211368869051,2.6578998383611214,1.9585109947790755,1.0655276381909549,31.76465799717085
2.702880540289449,2.6613427252755955,1.9550681078646015,1.0658793969849247,31.61405555094941
2.706530684642834,2.664766628781054,1.9516442043591429,1.0662311557788946,31.465023617221014
2.7101620005931704,2.66817174768636,1.948239085453837,1.0665829145728645,31.317537655424516
2.7137746836888557,2.6715582776832765,1.9448525554569205,1.066934673366834,31.17157363529373
2.7173689264440384,2.674926411426915,1.941484421713282,1.067286432160804,31.027108022997997
2.7209449184135632,2.678276338610017,1.93813449453018,1.067638190954774,30.88411776788669
2.724502846255991,2.6816082460259416,1.9348025871142551,1.0679899497487435,30.742580290029657
2.7280428937796515,2.6849223176156336,1.9314885155245631,1.0683417085427136,30.60247346872158
2.7315652419681875,2.6882187344952726,1.9281920986449244,1.0686934673366837,30.46377563205412
2.7350700689843457,2.6914976749634896,1.9249131581767072,1.0690452261306531,30.326465547567654
2.7385575501538337,2.6947593144897546,1.9216515186504424,1.0693969849246232,30.19052241388566
2.742027857933824,2.6980038256884846,1.9184070074517123,1.069748743718593,30.055925853125164
2.745481161873693,2.701231378285767,1.91517945485443,1.070100502512563,29.922655903785028
2.7489176285772157,2.7044421390875133,1.9119686940526837,1.0704522613065328,29.79069301375235
2.75233742167657,2.707636271958627,1.90877456118157,1.070804020100503,29.660018033049067
2.7557407018279623,2.7108139378224667,1.9055968953177305,1.0711557788944723,29.530612205966364
2.7591276267373015,2.7139752946883835,1.9024355384518137,1.0715075376884422,29.402457162302376
2.76249835122173,2.7171204977127275,1.8992903354274695,1.071859296482412,29.275534907520814
2.7658530273097703,2.7202496992959144,1.8961611338442823,1.072211055276382,29.149827811766375
2.769191804379197,2.7233630492146332,1.8930477839255635,1.0725628140703518,29.025318597801597
2.772514829328495,2.726460694785313,1.889950138354884,1.0729145728643217,28.90199032804702
2.775822246774835,2.729542781052082,1.886868052088115,1.0732663316582916,28.779826391005756
2.7791141992688893,2.7326094509903616,1.8838013821498352,1.0736180904522614,28.658810487427445
2.782390827515508,2.7356608457156035,1.8807499874245936,1.0739698492462313,28.53892661660904
2.785652270588404,2.7386971046861976,1.8777137284539993,1.0743216080402012,28.420159063243105
2.788898666127004,2.741718365889522,1.874692467250675,1.074673366834171,28.30249238520786
2.7921301505045335,2.7447247660008927,1.8716860671393043,1.075025125628141,28.18591140265144
2.795346858957883,2.7477164405067054,1.8686943926334916,1.0753768844221103,28.070401188657122
2.7985489256719607,2.7506935237849337,1.8657173093552633,1.0757286432160804,27.955947061694147
2.8017364838139596,2.753656149138827,1.86275468400137,1.0760804020100505,27.84253457995666
2.804909665516103,2.7566044487825607,1.859806384357636,1.0764321608040202,27.7301495375859
2.808068601808692,2.759538553780578,1.856872279359619,1.07678391959799,27.618777962654924
2.811213422508974,2.762458593945704,1.8539522391944931,1.07713567839196,27.508406116684256
2.814344256074179,2.765364697704145,1.851046135436052,1.0774874371859298,27.39902049535697
2.8174612294301102,2.76825699193774,1.848153841202457,1.0778391959798996,27.290607830023845
2.820564467788344,2.771135601815754,1.8452752313244432,1.0781909547738695,27.18315508953972
2.823654094465967,2.7740006506292794,1.8424101825109176,1.0785427135678394,27.076649481959887
2.826730230721701,2.7768522596408793,1.8395585734993176,1.078894472361809,26.971078455649163
2.8297929956205223,2.77969054796103,1.836720285179167,1.079246231155779,26.866429699417942
2.832842505936833,2.782515632460383,1.8338952006798144,1.0795979899497488,26.762691141390544
2.8358788761029228,2.785327627724234,1.831083205415963,1.0799497487437186,26.65985094641987
2.838902218206099,2.7881266460522376,1.8282841870879591,1.0803015075376885,26.5578975119824
2.841912642034252,2.790912797503079,1.8254980356371175,1.0806532663316584,26.456819462599867
2.8449102551667806,2.7936861899811696,1.8227246431590272,1.0810050251256282,26.35660564293275
2.8478951631049227,2.796446929359856,1.8199639037803408,1.081356783919598,26.25724510976667
2.850867469434032,2.7991951196340814,1.8172157135061155,1.081708542713568,26.158727123161732
2.8538272760091914,2.80193086309456,1.814479970045637,1.0820603015075378,26.061041137057874
2.856774683155395,2.804654260515221,1.811756572624976,1.0824120603015075,25.964176789629192
2.8597097898736585,2.807365411346,1.8090454217941971,1.0827638190954774,25.86812389366157
2.8626326940452778,2.81006441390368,1.806346419236517,1.0831155778894472,25.772872427198894
2.8655434926271344,2.812751365554206,1.803659467585991,1.083467336683417,25.67841252466962
2.868442281832026,2.8154263628810003,1.8009844702591966,1.083819095477387,25.584734468669502
2.87132915728872,2.81808950183429,1.7983213313059068,1.0841708542713568,25.491828682547673
2.8742042141770856,2.8207408778572116,1.7956699552829851,1.0845226130653267,25.39968572391668
2.877067547334393,2.823380585985147,1.79303024715505,1.0848743718592966,25.308296279186337
2.8799192513291896,2.8260087209149347,1.7904021122252622,1.0852261306532665,25.217651159202568
2.8827594204998324,2.828625377041334,1.787785456098863,1.0855778894472363,25.12774129605364
2.885588148955339,2.8312306484586216,1.7851801846815754,1.0859296482412062,25.038557741083217
2.8884055305370957,2.8338246289260667,1.7825862042141305,1.086281407035176,24.950091664122088
2.891211658741163,2.836407411796916,1.780003421343281,1.0866331658291457,24.862334353914825
2.894006626602115,2.838979089912071,1.777431743228126,1.0869849246231156,24.775277219677488
2.896790526540892,2.8415397554605786,1.7748710776796184,1.0873366834170854,24.688911793680397
2.8995634501805743,2.8440894998107176,1.7723213333294794,1.087688442211055,24.60322973470879
2.902325488135002,2.846628413316152,1.769782419824045,1.0880402010050252,24.518222832225817
2.9050767297758195,2.849156585102578,1.7672542480376183,1.088391959798995,24.433883011047776
2.9078172629833396,2.851674102839654,1.7647367303005428,1.088743718592965,24.35020233635199
2.910547173885446,2.85418105250225,1.7622297806379468,1.0890954773869348,24.267173018875187
2.91326654658644,2.8566775181229147,1.7597333150172825,1.0894472361809049,24.18478742022853
2.9159754628845516,2.859163581534282,1.7572472516059143,1.0897989949748743,24.10303805835173
2.9186740019726525,2.8616393220965612,1.7547715110436355,1.0901507537688444,24.021917613248153
2.921362240112053,2.8641048164007845,1.7523060167394124,1.090502512562814,23.94141893327207
2.924040250265188,2.8665601379348473,1.7498506952053496,1.090854271356784,23.86153504235722
2.9267081016706804,2.8690053566970892,1.7474054764431075,1.0912060301507538,23.7822591486459
2.9293658593463956,2.8714405387441513,1.7449702943960457,1.0915577889447237,23.703584654931944
2.9320135835171275,2.873865745669681,1.742545087470516,1.0919095477386935,23.6255051710667
2.934651328990391,2.876281034035024,1.7401297991051727,1.0922613065326634,23.548014527807645
2.937279144557966,2.878686454821956,1.7377243783182408,1.0926130653266333,23.471106790241688
2.9398970725974305,2.8810820530656063,1.735328780074591,1.0929648241206031,23.394776266491622
2.942505149205557,2.8834678679691983,1.7329429651709989,1.093316582914573,23.31901750344797
2.9451034054261083,2.8858439340122217,1.7305668991279752,1.0936683417085429,23.243825255431105
2.947691870421119,2.8882102838251793,1.7282005493150177,1.0940201005025127,23.169194404353796
2.9502705776860587,2.890566953833977,1.72584387930622,1.0943718592964826,23.09511980336918
2.95283957539025,2.89291399366191,1.7234968394782868,1.0947236180904525,23.021596016037712
2.9553989412133426,2.895251479632853,1.7211593535073444,1.095075376884422,22.948616940550195
2.9579488001593326,2.8975795310006127,1.7188313021395842,1.095427135678392,22.87617535646368
2.9604893407408603,2.8998983247123196,1.7165125084278774,1.095778894472362,22.804262511544515
2.963020822086735,2.9022081019115564,1.7142027312286403,1.0961306532663315,22.732867943081754
2.9655435655123803,2.9045091602560227,1.7119016728841745,1.0964824120603016,22.661979709542972
2.968057932906815,2.9068018341240265,1.7096089990161705,1.0968341708542717,22.591584988352704
2.9705643104432866,2.909086479493949,1.707324353646248,1.0971859296482414,22.521670582016608
2.973063131478846,2.911363494301458,1.7050473388387388,1.0975376884422112,22.452222480305668
2.975554978582725,2.9136334106350734,1.7027774225051235,1.097889447236181,22.383223487167157
2.978040810481738,2.915897100379535,1.700513732760662,1.098241206030151,22.314647845427988
2.980522415837216,2.9181561866909966,1.6982546464492003,1.0985929648241206,22.246450596311615
2.9830034643477905,2.920413997239148,1.6959968359010489,1.0989447236180905,22.17854333911796
2.9854926202087686,2.9226783884926686,1.6937324446475284,1.0992964824120603,22.110723081182776
2.9880149886178806,2.9249721314205352,1.6914387017196617,1.0996482412060302,22.04241229868368
2.9906651237545834,2.9273809870864724,1.6890298460537243,1.1,21.971479036119437
3.037686226752598,2.969990666085316,1.646420167054881,1.107035175879397,20.740864719467957
3.0817749499626945,3.009690010147734,1.6067208229924628,1.114070351758794,19.6599921587262
3.1232793087365156,3.046827052649821,1.569583780490376,1.121105527638191,18.703016880584435
3.162487470853213,3.0816900850095905,1.5347207481306064,1.128140703517588,17.849751131465524
3.199638823661921,3.11451890927607,1.501891923864127,1.135175879396985,17.084228471419692
3.234935257898245,3.1455159614085524,1.4708948717316446,1.142211055276382,16.39363110959747
3.268546691464577,3.1748520195916328,1.4415588135485642,1.149246231155779,15.767581425414424
3.300623723816951,3.2026779527370017,1.4137328804031952,1.156281407035176,15.19747964291424
3.331305572463572,3.2291320964193755,1.3872787367208217,1.1633165829145728,14.676062444693155
3.360718293177051,3.2543390425393746,1.3620717906008224,1.17035175879397,14.19720256764932
3.3889697584592344,3.278405697155854,1.3380051359843428,1.177386934673367,13.755793142685086
3.4161446939108533,3.301417417915438,1.3149934152247589,1.184422110552764,13.34765549479165
3.442315435245636,3.3234475583354115,1.2929632748047857,1.1914572864321609,12.96925408801006
3.467550635808159,3.3445650972549945,1.2718457358852024,1.1984924623115578,12.617490066672604
3.491914680503699,3.3648342727068012,1.2515765604333955,1.2055276381909548,12.289647674654585
3.515466066899398,3.384313342605269,1.2320974905349278,1.212562814070352,11.98336185572419
3.538257482293176,3.403054777946876,1.2133560551933211,1.2195979899497489,11.69657096884767
3.560336705799214,3.4211061318456633,1.1953047012945337,1.2266331658291458,11.427467631008241
3.581747367271213,3.438510769408756,1.1779000637314407,1.2336683417085428,11.174458854269039
3.6025293681435944,3.4553083027489873,1.1611025303912097,1.2407035175879395,10.936135846368519
3.622719152036913,3.4715348924021168,1.1448759407380802,1.247738693467337,10.7112497458979
3.6423499105134503,3.487223488312603,1.129187344827594,1.2547738693467338,10.498691406644522
3.6614518027417624,3.5024040752110945,1.1140067579291024,1.2618090452261308,10.297473798207564
3.6800523377236742,3.5171040407398255,1.0993067924003714,1.2688442211055275,10.106715181352852
3.6981768938526502,3.531348642900152,1.0850621902400448,1.2758793969849247,9.925623197097906
3.715849144916632,3.5451613917707867,1.0712494413694102,1.2829145728643216,9.753481865894493
3.7330912515008623,3.558564237142477,1.05784659599772,1.2899497487437186,9.589642315727112
3.74992391569827,3.5715776442316667,1.0448331889085305,1.2969849246231155,9.433515818492175
3.766366446669677,3.5842206756886004,1.0321901574515966,1.3040201005025127,9.28456754143709
3.7824368363594463,3.5965110794324957,1.0198997537077013,1.3110552763819097,9.14231092866304
3.7981517775017224,3.6084653298391274,1.0079455033010696,1.3180904522613066,9.006303183273147
3.8135266594685913,3.620098650562325,0.9963121825778724,1.3251256281407036,8.87614141687295
3.828575649090581,3.6314251010521215,0.9849857320880756,1.3321608040201005,8.751458546283335
3.843311886725107,3.642457748127491,0.973953085012706,1.3391959798994977,8.631918746653108
3.85774772610444,3.6532088665563194,0.9632019665838776,1.3462311557788946,8.517213055841994
3.871894936399052,3.6636901067213343,0.9527207264188622,1.3532663316582916,8.407055710196987
3.8857648297540943,3.673912602813069,0.9424982303271284,1.3603015075376883,8.301181389850413
3.899368306323545,3.6838870171543334,0.9325238159858636,1.3673366834170857,8.199343324014254
3.912715818739288,3.693623523742268,0.9227873093979292,1.3743718592964824,8.101312136348014
3.92581727913776,3.7031317496776737,0.9132790834625232,1.3814070351758794,8.006875175020003
3.9386819621030096,3.712420714766685,0.9039901183735122,1.3884422110552763,7.915835910354909
3.951318462557639,3.721498812421952,0.8949120207182446,1.3954773869346735,7.828013014371594
3.963734733200786,3.730373848631814,0.8860369845083831,1.4025125628140704,7.743239013337194
3.975938177704366,3.739053120309908,0.877357712830289,1.4095477386934674,7.661358717875171
3.9879357533024073,3.747543498675997,0.8688673344642002,1.4165829145728643,7.582227741339143
3.999734050207678,3.7558514942052703,0.8605593389349266,1.4236180904522613,7.505711291237108
4.011339342054521,3.7639832994430975,0.8524275336970994,1.4306532663316585,7.431683236562078
4.022757617190495,3.771944817189071,0.8444660159511255,1.4376884422110554,7.360025363684764
4.03399460167868,3.779741682086572,0.8366691510536253,1.4447236180904524,7.290626739314122
4.045055780187418,3.787379280132512,0.8290315530076846,1.4517587939698493,7.223383135688255
4.055946417560611,3.794862768126244,0.8215480650139533,1.4587939698492465,7.158196496776239
4.06667158300011,3.802197094441121,0.8142137386990758,1.4658291457286432,7.094974430257547
4.07723617841364,3.809387022255997,0.8070238108841998,1.4728643216080402,7.033629712653692
4.087644969908711,3.816437154633123,0.7999736785070741,1.479899497487437,6.974079810382495
4.097902615060095,3.823351956464519,0.7930588766756781,1.4869346733668345,6.916246455242638
4.1080136711484325,3.830135763219575,0.786275069920622,1.4939698492462312,6.860055350108912
4.117982570751314,3.8367927673308913,0.7796180658093057,1.5010050251256282,6.805436065447701
4.127813568817638,3.8433269853052945,0.7730838478349025,1.5080402010050251,6.752322087004154
4.137510688326936,3.8497422242089687,0.7666686089312282,1.5150753768844225,6.7006508634205435
4.147077695474918,3.856042068411488,0.7603687647287085,1.5221105527638192,6.650363702261535
4.156518114667831,3.8622298931450505,0.7541809399951465,1.5291457286432162,6.6014054805466085
4.165835269269756,3.868308895008415,0.7481019381317822,1.5361809045226131,6.553724254407879
4.175032325736403,3.8742821242264665,0.7421287089137305,1.54321608040201,6.507270881298449
4.184112326454056,3.8801525089028512,0.7362583242373457,1.550251256281407,6.4619987207480545
4.19307820835242,3.885922869472747,0.73048796366745,1.557286432160804,6.4178634199065945
4.201932811295785,3.891595926164405,0.7248149069757925,1.564321608040201,6.374822758775707
4.210678881386281,3.897174302961469,0.719236530178728,1.571356783919598,6.332836527667959
4.2193190726348195,3.9026605303907687,0.7137503027494283,1.578391959798995,6.291866419419204
4.22785594859592,3.908057048202142,0.7083537849380548,1.585427135678392,6.251875928480366
4.236291984474972,3.9133662082778233,0.7030446248623736,1.592462311557789,6.212830254285933
4.2446295697894545,3.918590277823885,0.6978205553163122,1.599497487437186,6.174696208248997
4.2528710115348325,3.923731442809798,0.6926793903303992,1.606532663316583,6.1374421242848625
4.261018537732323,3.928791811575609,0.6876190215645881,1.61356783919598,6.101037773062023
4.26907430114656,3.933773418472384,0.6826374146678127,1.620603015075377,6.065454280538527
4.277040382875212,3.93867822735071,0.6777326057894868,1.627638190954774,6.030664051673991
4.28491879546848,3.943508134689578,0.6729026984506188,1.6346733668341709,5.996640700346917
4.292711485263318,3.948264972179605,0.6681458609605926,1.6417085427135678,5.963358986352903
4.300420333723574,3.952950508643987,0.6634603244962101,1.6487437185929648,5.930794759900215
4.308047157752126,3.95756645129077,0.658844381849427,1.6557788944723617,5.898924913318611
4.315593709157964,3.962114446421347,0.6542963867188494,1.6628140703517589,5.867727338880329
4.323061673674429,3.9665960798463686,0.6498147532938283,1.6698492462311558,5.837180890873302
4.3304526700826305,3.9710128773486897,0.6453979557915073,1.6768844221105528,5.807265349564209
4.337768250044665,3.975366305555187,0.6410445275850094,1.68391959798995,5.7779613846153115
4.345009899167229,3.979657773519925,0.636753059620272,1.690954773869347,5.749250515953939
4.352179039607588,3.983888635189741,0.6325221979504558,1.6979899497487438,5.721115070970736
4.359277034252258,3.9880601927518313,0.6283506403883656,1.7050251256281408,5.6935381380256755
4.366305192224125,3.992173700700707,0.6242371324394895,1.7120603015075375,5.66650351726448
4.373264775282809,3.996230370353045,0.6201804627871521,1.7190954773869347,5.6399956704136205
4.380157004620475,4.00023137450863,0.6161794586315672,1.7261306532663316,5.613999671385044
4.386983067618674,4.004177851999865,0.6122329811403322,1.7331658291457286,5.588501159219006
4.393744124277703,4.008070911963566,0.6083399211766309,1.7402010050251255,5.563486294302433
4.400441313201187,4.011911637772306,0.6044991953678913,1.7472361809045225,5.538941718147297
4.407075757161415,4.01570109064725,0.6007097424929473,1.7542713567839197,5.514854516483882
4.413648568354594,4.019440313022567,0.5969705201176296,1.7613065326633166,5.49121218512259
4.420160853463603,4.023130331735766,0.5932805014044309,1.7683417085427136,5.4680025979970805
4.426613718575913,4.026772161077455,0.5896386720627422,1.7753768844221107,5.445213977014899
4.433008273853501,4.030366805649136,0.5860440274910612,1.7824120603015077,5.4228348637944706
4.439345637621109,4.033915262849607,0.5824955702905896,1.7894472361809046,5.400854094044862
4.445626939240515,4.0374185246476735,0.5789923084925235,1.7964824120603016,5.379260776210582
4.451853319811844,4.040877578123567,0.5755332550166301,1.8035175879396983,5.358044276948402
4.458025929482382,4.04429340412605,0.5721174290141473,1.8105527638190957,5.33719421677315
4.464145920110113,4.047666973384615,0.5687438597555818,1.8175879396984924,5.316700479349986
4.470214432435611,4.050999239651066,0.5654115934891308,1.8246231155778896,5.296553236804198
4.476232577933812,4.05429113001161,0.5621197031285874,1.8316582914572863,5.276742990540182
4.4822014171040525,4.0575435333799135,0.5588672997602835,1.8386934673366837,5.257260622501188
4.48812193767751,4.060757289106231,0.5556535440339658,1.8457286432160804,5.238097446827498
4.49399503726624,4.063933178172519,0.552477654967678,1.8527638190954776,5.219245248870624
4.499821514555787,4.06707191916446,0.5493389139757365,1.8597989949748743,5.200696299814422
4.505602071092186,4.070174170050979,0.5462366630892177,1.8668341708542715,5.1824433411751425
4.511337322805993,4.073240535203796,0.5431702979364008,1.8738693467336685,5.164479541891234
4.517027817962434,4.076271575775564,0.5401392573646326,1.8809045226130656,5.146798437744247
4.52267405722743,4.079267821056373,0.5371430120838241,1.8879396984924623,5.129393865613744
4.528276512109292,4.0822297787845265,0.5341810543556704,1.8949748743718593,5.112259903296893
4.533835639526339,4.0851579432276175,0.5312528899125795,1.902010050251256,5.09539082123787
4.539351891824563,4.0880528007139905,0.5283580324262065,1.9090452261306532,5.078781047944104
4.544825722683397,4.090914832893738,0.5254960002464593,1.91608040201005,5.062425147669049
4.550257589873015,4.093744518280786,0.5226663148594106,1.923115577889447,5.046317807465126
4.555647955899779,4.096542332655,0.5198685004851971,1.9301507537688445,5.030453830540057
4.5609972874091,4.099308748802722,0.5171020843374752,1.9371859296482412,5.014828133367278
4.566306053972635,4.102044235937083,0.5143665972031144,1.9442211055276384,4.999435744722687
4.5715747266630355,4.1047492590151045,0.5116615741250925,1.951256281407035,4.984271805478094
4.576803776649214,4.107424278075092,0.5089865550651052,1.9582914572864325,4.9693315684792685
4.581993673929841,4.110069747655418,0.5063410854847792,1.9653266331658292,4.954610398170256
4.587144886252165,4.11268611631766,0.5037247168225374,1.9723618090452264,4.940103769829603
4.592257878223197,4.115273826275857,0.5011370068643402,1.9793969849246231,4.925807268398113
4.597333110600012,4.117833313123333,0.4985775200168643,1.98643216080402,4.911716586934858
4.602371039737488,4.120365005644093,0.4960458274961041,1.993467336683417,4.897827524761817
4.607372117169426,4.122869325694953,0.4935415074452436,2.000502512562814,4.884135985362851
4.612336789300143,4.125346688145534,0.4910641449946631,2.007537688442211,4.870637974098977
4.61726549718612,4.127797500864554,0.4886133322756425,2.0145728643216083,4.8573295957942975
4.622158676390155,4.130222164742802,0.4861886683973946,2.021608040201005,4.844207052238181
4.6270167568933935,4.132621073744664,0.4837897593955329,2.028643216080402,4.831266639640881
4.631840163053152,4.134994614981654,0.4814162181585431,2.035678391959799,4.818504746072244
4.636629313596815,4.137343168802602,0.4790676643375953,2.042713567839196,4.805917848906707
4.641384621643731,4.139667108896257,0.4767437242439403,2.049748743718593,4.793502512292461
4.646106494748915,4.141966802402921,0.4744440307372759,2.05678391959799,4.781255384658328
4.6507953349633215,4.1442426100324035,0.4721682231077935,2.063819095477387,4.76917319626842
4.655451538906558,4.14649488618616,0.4699159469540372,2.070854271356784,4.757252756831969
4.660075497848769,4.1487239790818755,0.4676868540583214,2.077889447236181,4.745490953173636
4.664667597798802,4.150930230879116,0.4654806022610813,2.084924623115578,4.733884746968041
4.669228219596354,4.153113977804944,0.463296855335253,2.0919597989949748,4.7224311725411106
4.673757739006142,4.155275550278413,0.4611352828617843,2.0989949748743717,4.711127334739976
4.678256526812287,4.15741527303325,0.4589955601069473,2.106030150753769,4.699970406872476
4.682724948911561,4.159533465238052,0.4568773679021447,2.1130653266331656,4.688957628716711
4.687163366404384,4.161630440613429,0.4547803925267679,2.120100502512563,4.678086304600365
4.6915721356830495,4.1637065075459585,0.4527043255942384,2.1271356783919595,4.667353801548705
4.695951608517392,4.165761969198996,0.4506488639412005,2.134170854271357,4.656757547498841
4.700302132139139,4.167797123620886,0.4486137095193108,2.141206030150754,4.646295029576239
4.704624049327673,4.169812263851808,0.4465985692883887,2.148241206030151,4.635963792427178
4.7089176985016685,4.171807678031245,0.4446031551089522,2.1552763819095477,4.625761436598214
4.7131834138231365,4.1737836495089535,0.4426271836312434,2.1623115577889447,4.61568561695055
4.7174215253227345,4.1757404569632985,0.4406703761768984,2.1693467336683416,4.605734041094276
4.721632359056628,4.177678374531597,0.4387324586085999,2.1763819095477386,4.595904467825042
4.7258162373064145,4.179597671957456,0.4368131611827408,2.183417085427136,4.586194705545168
4.729973478832434,4.181498614759709,0.4349122183804876,2.1904522613065325,4.5766026106535165
4.734104399188048,4.1833814644263345,0.4330293687138624,2.19748743718593,4.567126085894203
4.738209311099428,4.185246478635127,0.4311643545050696,2.2045226130653264,4.557763078661797
4.742288524919859,4.187093911504931,0.4293169216352659,2.211557788944724,4.548511579259875
4.746342349202596,4.188924013895267,0.4274868192449297,2.2185929648241203,4.539369619072365
4.7503710915559925,4.190737033823018,0.4256737993171793,2.2256281407035177,4.530335268463081
4.754375060261289,4.192533217198637,0.42387761594156,2.2326633165829146,4.5214066338259595
4.758354567834093,4.194312809382195,0.4220980237580019,2.2396984924623116,4.512581852326913
4.762309939003815,4.196076058610709,0.4203347745294881,2.2467336683417085,4.50385908124232
4.766241527384038,4.197823223116661,0.4185876100235361,2.2537688442211055,4.495236476513758
4.770149746130736,4.199554584199824,0.4168562489403733,2.2608040201005024,4.486712153829964
4.774035114067715,4.201270465896348,0.4151403672438487,2.2678391959798994,4.478284130400823
4.777898302952039,4.202971255156353,0.4134395779838442,2.2748743718592968,4.469950265772298
4.781740141930268,4.204657403805726,0.4117534293344711,2.2819095477386933,4.4617082579171905
4.785561519294481,4.206329386759805,0.4100814463803921,2.28894472361809,4.45355577095427
4.789363181970291,4.207987616682852,0.4084232164573453,2.295979899497487,4.445490692575319
4.7931455708611175,4.20963237395226,0.4067784591879366,2.3030150753768845,4.437511342914526
4.796908876609914,4.211263830391884,0.405147002748313,2.3100502512562815,4.429616401857466
4.8006533251345544,4.212882170463155,0.4035286626770418,2.3170854271356784,4.421804550988387
4.804379506238293,4.214487730369788,0.4019231027704091,2.3241206030150754,4.414074071729116
4.808088576932338,4.216081083631197,0.4003297495089999,2.3311557788944723,4.406422604915281
4.811782262070436,4.217663040402098,0.3987477927380993,2.3381909547738693,4.398847146950538
4.815462552350509,4.219234518575458,0.3971763145647387,2.3452261306532662,4.391344379576033
4.819131116844462,4.220796294877198,0.3956145382629987,2.3522613065326636,4.383911327442307
4.822788872048314,4.22234882331448,0.394062009825717,2.35929648241206,4.376545876112638
4.826436105118745,4.223892287961524,0.3925185451786728,2.3663316582914575,4.3692466801644905
4.83007285230277,4.225426763022449,0.3909840701177476,2.373366834170854,4.362012748396831
4.833699080988975,4.226952290118222,0.3894585430219752,2.380402010050251,4.35484321969224
4.83731464411445,4.228468860217411,0.3879419729227855,2.387437185929648,4.347737394855508
4.840919188847764,4.229976376868143,0.3864344562720543,2.3944723618090453,4.340694830021037
4.8445121417657635,4.231474651695013,0.3849361814451839,2.4015075376884423,4.333715349851064
4.848092782064517,4.232963436404596,0.3834473967356011,2.408542713567839,4.3267989623400505
4.851660352367402,4.234442469774736,0.3819683633654609,2.415577889447236,4.319945730416668
4.855214154355727,4.235911517552234,0.3804993155879632,2.422613065326633,4.313155660761482
4.858753605162347,4.237370395480484,0.3790404376597127,2.42964824120603,4.306428638181211
4.8622782567545,4.238818976698759,0.3775918564414375,2.436683417085427,4.299764403336863
4.865787791142079,4.240257189080381,0.3761536440598156,2.4437185929648244,4.293162558889859
4.869282003545024,4.241685007668767,0.3747258254714296,2.450753768844221,4.286622589714104
4.872760781436927,4.243102445537602,0.3733083876025951,2.4577889447236183,4.280143887726164
4.876224083775282,4.244509544861044,0.3719012882791528,2.464824120603015,4.273725776190247
4.879671922526608,4.245906369047296,0.3705044640929014,2.471859296482412,4.267367531029461
4.883104347364974,4.247292996272641,0.3691178368675558,2.4788944723618087,4.261068398177204
4.886521433698521,4.248669514453031,0.3677413186871661,2.485929648241206,4.254827606870266
4.889923273791743,4.250036017533491,0.3663748156067061,2.492964824120603,4.248644379233915
4.893310024807189,4.251392624769313,0.3650182083708841,2.5,4.2425178794046845
4.910057806592503,4.258045108237491,0.3583657249027059,2.5352536855179943,4.212647518419978
4.926671541896072,4.264552576922322,0.3518582562178753,2.5710044999730295,4.183699298550745
4.943154408876358,4.270919004135942,0.3454918290042545,2.607259453615989,4.155633136521717
4.959510201595901,4.277148499267168,0.3392623338730285,2.6440256555526274,4.128410244951856
4.975743177883709,4.283245239291194,0.333165593849003,2.681310315137572,4.101993229276826
4.991858013437447,4.289213444313258,0.3271973888269386,2.719120743387978,4.076346069897926
5.007859777689889,4.295057362552146,0.3213534705880505,2.75746435441712,4.051434079026703
5.023753918661649,4.300781259320978,0.3156295738192192,2.7963486668882007,4.027223846643241
5.039546279704481,4.306389416854305,0.3100214162858918,2.8357813054886565,4.003683125541142
5.055243409722005,4.31188623224002,0.3045246009001765,2.8757700024252584,3.980780209884457
5.070854005116432,4.317276699082132,0.2991341340580646,2.916322598940291,3.958481627507751
5.086389959971523,4.322566759024168,0.2938440741160288,2.957447046849116,3.936751181423693
5.101861720137666,4.327761703720562,0.2886491294196354,2.999151410099412,3.915557625099016
5.117276067009321,4.332865417425694,0.283545415714503,3.04144386635241,3.8948767057545437
5.132639962160344,4.337881701940553,0.2785291311996438,3.0843327085864183,3.874684685110944
5.147961682543711,4.342814662599148,0.2735961705410492,3.1278263467229666,3.8549570293205426
5.163250138067776,4.3476684734909234,0.2687423596492735,3.1719333092758744,3.8356696032076387
5.178514495039186,4.3524472499101705,0.2639635832300264,3.2166622450235796,3.816799189741884
5.1937641390278895,4.357155035547823,0.2592557975923739,3.2620219247050466,3.798323485341042
5.209008726613348,4.3617958184314585,0.2546150147087385,3.3080212427395885,3.780220987185767
5.224258220568217,4.366373540832571,0.2500372923076259,3.354669218970943,3.7624709184931397
5.239522889130038,4.370892097656425,0.2455187354837722,3.401975000435942,3.7450532070569325
5.254813275676959,4.375355326141056,0.2410555069991407,3.4499478631581213,3.7279485001789
5.270140278570048,4.379767026509507,0.2366438066306901,3.4985972139666237,3.711138050902991
5.285577509164402,4.384148467789123,0.2322623653510742,3.547932592340747,3.694534913592211
5.3012045030687895,4.388522206186119,0.227888626954078,3.5979636722805175,3.6780538501528244
5.316905531665385,4.392855587683407,0.2235552454567901,3.648700264203616,3.661818639589365
5.332708784815846,4.397156547782076,0.2192542853581205,3.700152316869078,3.645794977864337
5.348623960423452,4.401427751600023,0.2149830815401738,3.752329919328111,3.629970557882949
5.364658205347214,4.405671076619463,0.2107397565207343,3.8052433029024137,3.614336371177129
5.380820530413796,4.4098888190834415,0.2065220140567554,3.858902843190404,3.5988819532651664
5.397120880012505,4.41408342792335,0.2023274052168471,3.9133190621017353,3.5835964304640147
5.4135690888260335,4.418257226539067,0.1981536066011298,3.9685026299204984,3.5684695984241905
5.430174501941702,4.422412321167135,0.1939985119730618,4.024464367397519,3.5534922523347747
5.446945835358328,4.426550575791055,0.1898602573491423,4.081215247872162,3.5386562513109077
5.463891073665691,4.430673598328394,0.1857372348118033,4.138766399424054,3.5239545378050137
5.481017368936375,4.434782728496465,0.1816281046437318,4.197129107055149,3.50938115027549
5.498330938166194,4.43887902662526,0.1775318065149367,4.2563148149025665,3.4949312321359916
5.515836960150485,4.442963263592681,0.1734475695475161,4.316335128482629,3.4806010364770925
5.5335394730639464,4.447035912125889,0.1693749210143078,4.377201816966548,3.4663879258297836
5.551441274194544,4.451097139727388,0.1653136934128092,4.438926815488202,3.452290366232097
5.569543823450069,4.455146803492461,0.1612640296477359,4.501522227484448,3.438307914876958
5.5878471524072,4.4591844470867805,0.1572263860534164,4.5650003270684465,3.424441200657244
5.606349780800361,4.463209300147765,0.1532015329924316,4.629373561436453,3.410691896986026
5.625048642438931,4.467220280359388,0.1491905527808086,4.694654553308531,3.3970626863587357
5.643939022588421,4.471215998426702,0.1451948347134948,4.760856103403716,3.383557216241057
5.663014508842485,4.47519476614195,0.1412160669982469,4.827991192950043,3.3701800460122966
5.682266957440881,4.479154607689381,0.137256225450816,4.896072986230007,3.3569365848675834
5.701686476845595,4.483093274279808,0.1333175588603889,4.965114833161887,3.343833020780873
5.7212614301698554,4.487008262140218,0.1294025709999786,5.035130271917494,3.330876240849745
5.740978457761328,4.490896833809231,0.1255139993309661,5.10613303157682,3.3180737435760217
5.760822520874429,4.494756042608122,0.1216547905320748,5.178137034820121,3.3054335438752727
5.7807769669348765,4.498582760072244,0.1178280730679528,5.251156400657974,3.292964071843847
5.800823616413989,4.502373706042478,0.1140371270977187,5.325205447199813,3.2806740665338325
5.820942870806323,4.506125481033466,0.1102853521067306,5.400298694461531,3.2685724661835756
5.841113840662494,4.5098346004205325,0.1065762327196644,5.476450867212643,3.2566682965136557
5.861314492090419,4.513497529921818,0.1029133032183793,5.55367689786363,3.24497055881621
5.881521809627024,4.517110721801851,0.099300111338346,5.631991929393964,3.233488119631593
5.901711972922074,4.520670651188983,0.0957401819512142,5.711411318321459,3.2222296038153786
5.9218605442873455,4.524173851884548,0.0922369812556489,5.791950637713467,3.2112032927483534
5.941942663867039,4.527616951047621,0.0887938820925757,5.873625680240545,3.200417029333175
5.961933248992961,4.530996702165133,0.0854141309750637,5.9564524612731935,3.189878131257804
5.981807194208834,4.534310015762642,0.0821008173775545,6.040447222022236,3.1795933137946615
6.001539568484864,4.537553987373842,0.0788568457663547,6.125626432723523,3.1695686231549796
6.021105806292628,4.540725922363777,0.0756849107764203,6.212006795867501,3.1598093811415207
6.040481889461658,4.543823357288483,0.0725874758517139,6.299605249474366,3.150320141551926
6.0596445170786755,4.54684407756819,0.0695667555720067,6.388438970415357,3.1411046584920896
6.078571261099648,4.549786131347977,0.0666247017922199,6.478525377780926,3.1321658664761998
6.0972407058031965,4.552647839515027,0.0637629936251702,6.56988213629638,3.1235058719281676
6.115632569699761,4.55542780193165,0.060983031208547,6.662527159785693,3.115125955467027
6.133727809002613,4.558124900024707,0.0582859331154903,6.756478614684166,3.1070265841631937
6.15150870224558,4.5607382959430165,0.0556725371971804,6.851754923600618,3.0992074327975834
6.1689589160800775,4.563267428552173,0.0531434045880239,6.948374768929814,3.0916674130432815
6.186063552688206,4.5657120065815775,0.0506988265586194,7.04635709651582,3.0844047094195446
6.202809179599313,4.568071999269348,0.048338833870849,7.145721119367045,3.0774168208379127
6.2195059228632426,4.570392132409802,0.0460187007303947,7.246486321423626,3.0706631548525274
6.236825887475452,4.57276567448387,0.0436451586563269,7.348672461377995,3.0640595676705917
6.253711311638933,4.575047477524475,0.0413633556157222,7.452299576549261,3.0577254155593634
6.270166408805218,4.577240213832923,0.0391706193072742,7.557387986812281,3.051654507142036
6.286183235355932,4.579344871794351,0.0370659613458457,7.663958298582101,3.0458417886546503
6.301758161623387,4.581363006414017,0.0350478267261795,7.7720314088545965,3.0402815561337957
6.316888753535016,4.583296305845327,0.0331145272948703,7.881628509304092,3.0349677923144815
6.331573696312266,4.585146573380538,0.0312642597596592,7.992771090438756,3.0298942154385244
6.34581274316295,4.586915713566022,0.0294951195741752,8.105480945814618,3.0250543238931846
6.359606659635482,4.588605718498348,0.0278051146418487,8.219780176308955,3.020441438765597
6.372957164838817,4.590218654464932,0.0261921786752648,8.33569119445401,3.016048744017745
6.385866870634876,4.591756649065774,0.0246541840744232,8.45323672883177,3.0118693240707874
6.398339219775368,4.593221878923758,0.0231889542164385,8.572439828530728,3.007896198663932
6.410378423822267,4.5946165580638905,0.0217942750763064,8.69332386766551,3.004122354919301
6.421989401564335,4.595942927018676,0.0204679061215209,8.815912549960212,3.0005407766004133
6.433177718522115,4.597203242695818,0.0192075904443793,8.940229913396387,2.997144470598511
6.443949528023627,4.598399769026793,0.0180110641134039,9.066300334926565,2.993926490718632
6.454311514232089,4.599534768399906,0.0168760647402912,9.19414853525424,2.990879958866946
6.464270837417223,4.600610493869029,0.015800339271168,9.323799583681277,2.987998083763161
6.473835081681931,4.601629182119332,0.0147816510208649,9.455278903023638,2.985274177317855
6.483012205286994,4.602593047163387,0.0138177859768102,9.588612274596487,2.9827016688250496
6.491810493656928,4.6035042747351795,0.0129065584050174,9.72382584326953,2.980274117126277
6.500238515100016,4.604365017345298,0.0120458157948988,9.860946122593678,2.977985220904421
6.5083050792339385,4.6051773899575625,0.0112334431826344,10.0,2.975828827264542
6.570965196914963,4.611058798457673,0.0053520346825237,11.497569953977356,2.9603528106944585
6.607905901666348,4.614077610492409,0.0023332226477883,13.219411484660288,2.9525522522996446
6.62771932251111,4.615487486079157,0.0009233470610396,15.19911082952934,2.9489914677914566
6.63728726175367,4.616080375732018,0.0003304574081788,17.47528400007684,2.94754392127345
6.6414190775429,4.61630334153498,0.0001074916052168,20.09233002565047,2.9470283281661427
6.643019692708221,4.616378550300949,3.228283924805453e-05,23.101297000831604,2.946869132795741
6.64358587472509,4.616401707949844,9.125190352676782e-06,26.560877829466868,2.9468264033500318
6.643773802870904,4.6164083969848395,2.436155357443681e-06,30.538555088334157,2.9468161617993065
6.643833144448634,4.616410235156787,5.979834103442272e-07,35.11191734215131,2.9468138550637883
6.643850552262223,4.616410704658525,1.284816715241277e-07,40.37017258596554,2.946813348472074
6.643855044637673,4.616410810221582,2.2918614561717732e-08,46.4158883361278,2.9468132431739873
6.643856005551046,4.6164108299047495,3.235447465499419e-09,53.3669923120631,2.946813224081258
6.643856167324062,4.616410832794511,3.456861463746463e-10,61.35907273413173,2.946813221294227
6.643856187795608,4.616410833113504,2.6693314225667564e-11,70.54802310718645,2.94681322098627
6.643856189654827,4.616410833138779,1.4175327578413999e-12,81.11308307896873,2.946813220961816
6.643856189770021,4.616410833140149,4.796163466380676e-14,93.260334688322,2.946813220960492
6.643856189774615,4.616410833140195,1.7763568394002505e-15,107.22672220103232,2.9468132209604456
6.643856189774727,4.616410833140195,1.7763568394002505e-15,123.2846739442066,2.9468132209604443
6.64385618977473,4.616410833140195,1.7763568394002505e-15,141.74741629268047,2.9468132209604443
6.64385618977473,4.616410833140195,1.7763568394002505e-15,162.97508346206433,2.9468132209604443
6.64385618977473,4.616410833140195,1.7763568394002505e-15,187.3817422860383,2.9468132209604443
6.64385618977473,4.616410833140195,1.7763568394002505e-15,215.44346900318843,2.9468132209604443
6.64385618977473,4.616410833140195,1.7763568394002505e-15,247.7076355991711,2.9468132209604443
6.64385618977473,4.616410833140195,1.7763568394002505e-15,284.8035868435802,2.9468132209604443
6.64385618977473,4.616410833140195,1.7763568394002505e-15,327.45491628777285,2.9468132209604443
6.64385618977473,4.616410833140195,1.7763568394002505e-15,376.49358067924675,2.9468132209604443
6.64385618977473,4.616410833140195,1.7763568394002505e-15,432.87612810830615,2.9468132209604443
6.64385618977473,4.616410833140195,1.7763568394002505e-15,497.7023564332114,2.9468132209604443
6.64385618977473,4.616410833140195,1.7763568394002505e-15,572.236765935022,2.9468132209604443
6.64385618977473,4.616410833140195,1.7763568394002505e-15,657.9332246575682,2.9468132209604443
6.64385618977473,4.616410833140195,1.7763568394002505e-15,756.463327554629,2.9468132209604443
6.64385618977473,4.616410833140195,1.7763568394002505e-15,869.7490026177834,2.9468132209604443
6.64385618977473,4.616410833140195,1.7763568394002505e-15,1000.0,2.9468132209604443
6.64385618977473,4.616410833140195,1.7763568394002505e-15,1149.7569953977356,2.9468132209604443
6.64385618977473,4.616410833140195,1.7763568394002505e-15,1321.9411484660286,2.9468132209604443
6.64385618977473,4.616410833140195,1.7763568394002505e-15,1519.9110829529332,2.9468132209604443
6.64385618977473,4.616410833140195,1.7763568394002505e-15,1747.5284000076847,2.9468132209604443
6.64385618977473,4.616410833140195,1.7763568394002505e-15,2009.233002565048,2.9468132209604443
6.64385618977473,4.616410833140195,1.7763568394002505e-15,2310.1297000831605,2.9468132209604443
6.64385618977473,4.616410833140195,1.7763568394002505e-15,2656.0877829466867,2.9468132209604443
6.64385618977473,4.616410833140195,1.7763568394002505e-15,3053.8555088334156,2.9468132209604443
6.64385618977473,4.616410833140195,1.7763568394002505e-15,3511.191734215131,2.9468132209604443
6.64385618977473,4.616410833140195,1.7763568394002505e-15,4037.017258596554,2.9468132209604443
6.64385618977473,4.616410833140195,1.7763568394002505e-15,4641.588833612782,2.9468132209604443
6.64385618977473,4.616410833140195,1.7763568394002505e-15,5336.699231206313,2.9468132209604443
6.64385618977473,4.616410833140195,1.7763568394002505e-15,6135.907273413176,2.9468132209604443
6.64385618977473,4.616410833140195,1.7763568394002505e-15,7054.8023107186455,2.9468132209604443
6.64385618977473,4.616410833140195,1.7763568394002505e-15,8111.308307896872,2.9468132209604443
6.64385618977473,4.616410833140195,1.7763568394002505e-15,9326.0334688322,2.9468132209604443
6.64385618977473,4.616410833140195,1.7763568394002505e-15,10722.672220103232,2.9468132209604443
6.64385618977473,4.616410833140195,1.7763568394002505e-15,12328.46739442066,2.9468132209604443
6.64385618977473,4.616410833140195,1.7763568394002505e-15,14174.741629268048,2.9468132209604443
6.64385618977473,4.616410833140195,1.7763568394002505e-15,16297.508346206469,2.9468132209604443
6.64385618977473,4.616410833140195,1.7763568394002505e-15,18738.174228603868,2.9468132209604443
6.64385618977473,4.616410833140195,1.7763568394002505e-15,21544.346900318866,2.9468132209604443
6.64385618977473,4.616410833140195,1.7763568394002505e-15,24770.76355991714,2.9468132209604443
6.64385618977473,4.616410833140195,1.7763568394002505e-15,28480.35868435805,2.9468132209604443
6.64385618977473,4.616410833140195,1.7763568394002505e-15,32745.491628777316,2.9468132209604443
6.64385618977473,4.616410833140195,1.7763568394002505e-15,37649.35806792471,2.9468132209604443
6.64385618977473,4.616410833140195,1.7763568394002505e-15,43287.612810830615,2.9468132209604443
6.64385618977473,4.616410833140195,1.7763568394002505e-15,49770.23564332114,2.9468132209604443
6.64385618977473,4.616410833140195,1.7763568394002505e-15,57223.676593502205,2.9468132209604443
6.64385618977473,4.616410833140195,1.7763568394002505e-15,65793.32246575682,2.9468132209604443
6.64385618977473,4.616410833140195,1.7763568394002505e-15,75646.3327554629,2.9468132209604443
6.64385618977473,4.616410833140195,1.7763568394002505e-15,86974.90026177834,2.9468132209604443
6.64385618977473,4.616410833140195,1.7763568394002505e-15,100000.0,2.9468132209604443
6.64385618977473,4.616410833140195,1.7763568394002505e-15,114975.69953977356,2.9468132209604443
6.64385618977473,4.616410833140195,1.7763568394002505e-15,132194.11484660287,2.9468132209604443
6.64385618977473,4.616410833140195,1.7763568394002505e-15,151991.10829529332,2.9468132209604443
6.64385618977473,4.616410833140195,1.7763568394002505e-15,174752.8400007683,2.9468132209604443
6.64385618977473,4.616410833140195,1.7763568394002505e-15,200923.3002565046,2.9468132209604443
6.64385618977473,4.616410833140195,1.7763568394002505e-15,231012.9700083158,2.9468132209604443
6.64385618977473,4.616410833140195,1.7763568394002505e-15,265608.77829466894,2.9468132209604443
6.64385618977473,4.616410833140195,1.7763568394002505e-15,305385.5508833419,2.9468132209604443
6.64385618977473,4.616410833140195,1.7763568394002505e-15,351119.17342151346,2.9468132209604443
6.64385618977473,4.616410833140195,1.7763568394002505e-15,403701.72585965577,2.9468132209604443
6.64385618977473,4.616410833140195,1.7763568394002505e-15,464158.8833612782,2.9468132209604443
6.64385618977473,4.616410833140195,1.7763568394002505e-15,533669.9231206313,2.9468132209604443
6.64385618977473,4.616410833140195,1.7763568394002505e-15,613590.7273413176,2.9468132209604443
6.64385618977473,4.616410833140195,1.7763568394002505e-15,705480.2310718645,2.9468132209604443
6.64385618977473,4.616410833140195,1.7763568394002505e-15,811130.8307896872,2.9468132209604443
6.64385618977473,4.616410833140195,1.7763568394002505e-15,932603.34688322,2.9468132209604443
6.64385618977473,4.616410833140195,1.7763568394002505e-15,1072267.222010323,2.9468132209604443
6.64385618977473,4.616410833140195,1.7763568394002505e-15,1232846.7394420658,2.9468132209604443
6.64385618977473,4.616410833140195,1.7763568394002505e-15,1417474.1629268047,2.9468132209604443
6.64385618977473,4.616410833140195,1.7763568394002505e-15,1629750.8346206434,2.9468132209604443
6.64385618977473,4.616410833140195,1.7763568394002505e-15,1873817.422860383,2.9468132209604443
6.64385618977473,4.616410833140195,1.7763568394002505e-15,2154434.6900318866,2.9468132209604443
6.64385618977473,4.616410833140195,1.7763568394002505e-15,2477076.355991714,2.9468132209604443
6.64385618977473,4.616410833140195,1.7763568394002505e-15,2848035.8684358047,2.9468132209604443
6.64385618977473,4.616410833140195,1.7763568394002505e-15,3274549.1628777315,2.9468132209604443
6.64385618977473,4.616410833140195,1.7763568394002505e-15,3764935.806792471,2.9468132209604443
6.64385618977473,4.616410833140195,1.7763568394002505e-15,4328761.281083061,2.9468132209604443
6.64385618977473,4.616410833140195,1.7763568394002505e-15,4977023.564332114,2.9468132209604443
6.64385618977473,4.616410833140195,1.7763568394002505e-15,5722367.65935022,2.9468132209604443
6.64385618977473,4.616410833140195,1.7763568394002505e-15,6579332.246575682,2.9468132209604443
6.64385618977473,4.616410833140195,1.7763568394002505e-15,7564633.275546291,2.9468132209604443
6.64385618977473,4.616410833140195,1.7763568394002505e-15,8697490.026177835,2.9468132209604443
6.64385618977473,4.616410833140195,1.7763568394002505e-15,10000000.0,2.9468132209604443
