complexity,accuracy,distortion,beta
0.0,0.0,5.111671328186793,0.1
0.0,0.0,5.111671328186793,0.10028852668720789
-3.552713678800501e-15,0.0,5.111671328186793,0.10057788585090809
0.0,0.0,5.111671328186793,0.10086807989301745
0.0,0.0,5.111671328186793,0.10115911122238297
0.0,0.0,5.111671328186793,0.10145098225480186
0.0,0.0,5.111671328186793,0.1017436954130415
0.0,0.0,5.111671328186793,0.10203725312685963
0.0,0.0,5.111671328186793,0.10233165783302449
0.0,0.0,5.111671328186793,0.10262691197533502
0.0,0.0,5.111671328186793,0.10292301800464122
0.0,0.0,5.111671328186793,0.10321997837886439
0.0,0.0,5.111671328186793,0.10351779556301763
0.0,0.0,5.111671328186793,0.10381647202922624
0.0,0.0,5.111671328186793,0.10411601025674827
0.0,0.0,5.111671328186793,0.10441641273199509
0.0,0.0,5.111671328186793,0.10471768194855202
-5.329070518200751e-15,0.0,5.111671328186793,0.10501982040719908
0.0,0.0,5.111671328186793,0.10532283061593165
0.0,0.0,5.111671328186793,0.10562671508998137
-5.329070518200751e-15,0.0,5.111671328186793,0.105931476351837
0.0,0.0,5.111671328186793,0.10623711693126536
0.0,0.0,5.111671328186793,0.10654363936533232
0.0,0.0,5.111671328186793,0.10685104619842382
-3.552713678800501e-15,0.0,5.111671328186793,0.10715933998226711
0.0,0.0,5.111671328186793,0.10746852327595179
0.0,0.0,5.111671328186793,0.10777859864595113
0.0,0.0,5.111671328186793,0.10808956866614337
0.0,0.0,5.111671328186793,0.10840143591783309
0.0,0.0,5.111671328186793,0.10871420298977261
0.0,0.0,5.111671328186793,0.10902787247818345
0.0,0.0,5.111671328186793,0.109342446986778
0.0,0.0,5.111671328186793,0.10965792912678099
0.0,0.0,5.111671328186793,0.10997432151695126
0.0,0.0,5.111671328186793,0.11029162678360348
0.0,0.0,5.111671328186793,0.1106098475606299
0.0,0.0,5.111671328186793,0.11092898648952228
0.0,0.0,5.111671328186793,0.11124904621939379
0.0,0.0,5.111671328186793,0.11157002940700098
0.0,0.0,5.111671328186793,0.11189193871676585
0.0,0.0,5.111671328186793,0.11221477682079803
0.0,0.0,5.111671328186793,0.11253854639891679
0.0,0.0,5.111671328186793,0.1128632501386735
0.0,0.0,5.111671328186793,0.11318889073537378
-5.329070518200751e-15,0.0,5.111671328186793,0.1135154708920999
0.0,0.0,5.111671328186793,0.11384299331973331
0.0,0.0,5.111671328186793,0.11417146073697704
0.0,0.0,5.111671328186793,0.11450087587037829
0.0,0.0,5.111671328186793,0.11483124145435111
0.0,0.0,5.111671328186793,0.11516256023119904
0.0,0.0,5.111671328186793,0.11549483495113791
0.0,0.0,5.111671328186793,0.11582806837231864
0.0,0.0,5.111671328186793,0.11616226326085019
0.0,0.0,5.111671328186793,0.11649742239082242
0.0,0.0,5.111671328186793,0.11683354854432924
0.0,0.0,5.111671328186793,0.11717064451149162
0.0,0.0,5.111671328186793,0.11750871309048075
0.0,0.0,5.111671328186793,0.11784775708754135
0.0,0.0,5.111671328186793,0.11818777931701482
0.0,0.0,5.111671328186793,0.11852878260136278
0.0,0.0,5.111671328186793,0.11887076977119033
0.0,0.0,5.111671328186793,0.11921374366526966
0.0,0.0,5.111671328186793,0.11955770713056357
0.0,0.0,5.111671328186793,0.1199026630222491
0.0,0.0,5.111671328186793,0.12024861420374122
0.0,0.0,5.111671328186793,0.12059556354671667
0.0,0.0,5.111671328186793,0.1209435139311377
0.0,0.0,5.111671328186793,0.12129246824527602
0.0,0.0,5.111671328186793,0.1216424293857368
0.0,0.0,5.111671328186793,0.12199340025748266
0.0,0.0,5.111671328186793,0.12234538377385783
0.0,0.0,5.111671328186793,0.12269838285661232
0.0,0.0,5.111671328186793,0.12305240043592616
-3.552713678800501e-15,0.0,5.111671328186793,0.12340743945043373
0.0,0.0,5.111671328186793,0.12376350284724814
0.0,0.0,5.111671328186793,0.12412059358198574
0.0,0.0,5.111671328186793,0.12447871461879062
0.0,0.0,5.111671328186793,0.12483786893035917
0.0,0.0,5.111671328186793,0.12519805949796486
0.0,0.0,5.111671328186793,0.1255592893114829
0.0,0.0,5.111671328186793,0.1259215613694151
0.0,0.0,5.111671328186793,0.12628487867891472
0.0,0.0,5.111671328186793,0.12664924425581148
0.0,0.0,5.111671328186793,0.1270146611246366
-5.329070518200751e-15,0.0,5.111671328186793,0.12738113231864784
-3.552713678800501e-15,0.0,5.111671328186793,0.12774866087985473
0.0,0.0,5.111671328186793,0.12811724985904382
0.0,0.0,5.111671328186793,0.12848690231580398
0.0,0.0,5.111671328186793,0.1288576213185518
0.0,0.0,5.111671328186793,0.12922940994455712
0.0,0.0,5.111671328186793,0.12960227127996843
0.0,0.0,5.111671328186793,0.1299762084198387
0.0,0.0,5.111671328186793,0.1303512244681509
0.0,0.0,5.111671328186793,0.13072732253784378
0.0,0.0,5.111671328186793,0.1311045057508378
0.0,0.0,5.111671328186793,0.13148277723806095
0.0,0.0,5.111671328186793,0.13186214013947484
0.0,0.0,5.111671328186793,0.1322425976041007
0.0,0.0,5.111671328186793,0.13262415279004547
0.0,0.0,5.111671328186793,0.13300680886452812
0.0,0.0,5.111671328186793,0.13339056900390586
0.0,0.0,5.111671328186793,0.1337754363937006
0.0,0.0,5.111671328186793,0.13416141422862524
0.0,0.0,5.111671328186793,0.13454850571261034
0.0,0.0,5.111671328186793,0.13493671405883065
0.0,0.0,5.111671328186793,0.13532604248973176
0.0,0.0,5.111671328186793,0.13571649423705692
0.0,0.0,5.111671328186793,0.1361080725418738
0.0,0.0,5.111671328186793,0.1365007806546014
0.0,0.0,5.111671328186793,0.136894621835037
0.0,0.0,5.111671328186793,0.1372895993523834
0.0,0.0,5.111671328186793,0.13768571648527583
0.0,0.0,5.111671328186793,0.13808297652180923
0.0,0.0,5.111671328186793,0.13848138275956565
0.0,0.0,5.111671328186793,0.1388809385056415
0.0,0.0,5.111671328186793,0.13928164707667506
-5.329070518200751e-15,0.0,5.111671328186793,0.13968351179887398
0.0,0.0,5.111671328186793,0.1400865360080429
0.0,0.0,5.111671328186793,0.1404907230496112
0.0,0.0,5.111671328186793,0.14089607627866066
0.0,0.0,5.111671328186793,0.14130259905995338
0.0,0.0,5.111671328186793,0.14171029476795968
0.0,0.0,5.111671328186793,0.14211916678688621
0.0,0.0,5.111671328186793,0.14252921851070388
0.0,0.0,5.111671328186793,0.1429404533431761
0.0,0.0,5.111671328186793,0.1433528746978871
0.0,0.0,5.111671328186793,0.1437664859982702
0.0,0.0,5.111671328186793,0.1441812906776362
0.0,0.0,5.111671328186793,0.14459729217920195
0.0,0.0,5.111671328186793,0.14501449395611893
0.0,0.0,5.111671328186793,0.1454328994715018
0.0,0.0,5.111671328186793,0.1458525121984573
0.0,0.0,5.111671328186793,0.146273335620113
-3.552713678800501e-15,0.0,5.111671328186793,0.14669537322964618
0.0,0.0,5.111671328186793,0.14711862853031293
0.0,0.0,5.111671328186793,0.1475431050354771
0.0,0.0,5.111671328186793,0.14796880626863962
0.0,0.0,5.111671328186793,0.1483957357634676
0.0,0.0,5.111671328186793,0.1488238970638237
0.0,0.0,5.111671328186793,0.14925329372379562
0.0,0.0,5.111671328186793,0.14968392930772556
0.0,0.0,5.111671328186793,0.15011580739023975
0.0,0.0,5.111671328186793,0.15054893155627816
0.0,0.0,5.111671328186793,0.15098330540112437
0.0,0.0,5.111671328186793,0.1514189325304352
0.0,0.0,5.111671328186793,0.1518558165602708
0.0,0.0,5.111671328186793,0.15229396111712465
0.0,0.0,5.111671328186793,0.15273336983795355
0.0,0.0,5.111671328186793,0.15317404637020798
0.0,0.0,5.111671328186793,0.1536159943718622
-3.552713678800501e-15,0.0,5.111671328186793,0.1540592175114448
0.0,0.0,5.111671328186793,0.15450371946806898
0.0,0.0,5.111671328186793,0.15494950393146317
0.0,0.0,5.111671328186793,0.15539657460200168
0.0,0.0,5.111671328186793,0.15584493519073536
0.0,0.0,5.111671328186793,0.15629458941942248
0.0,0.0,5.111671328186793,0.1567455410205595
0.0,0.0,5.111671328186793,0.1571977937374122
0.0,0.0,5.111671328186793,0.15765135132404665
0.0,0.0,5.111671328186793,0.1581062175453604
0.0,0.0,5.111671328186793,0.1585623961771137
0.0,0.0,5.111671328186793,0.15901989100596103
0.0,0.0,5.111671328186793,0.15947870582948212
0.0,0.0,5.111671328186793,0.15993884445621395
0.0,0.0,5.111671328186793,0.16040031070568203
-3.552713678800501e-15,0.0,5.111671328186793,0.1608631084084323
0.0,0.0,5.111671328186793,0.16132724140606278
0.0,0.0,5.111671328186793,0.16179271355125557
0.0,0.0,5.111671328186793,0.16225952870780874
0.0,0.0,5.111671328186793,0.16272769075066854
0.0,0.0,5.111671328186793,0.16319720356596132
-3.552713678800501e-15,0.0,5.111671328186793,0.1636680710510261
0.0,0.0,5.111671328186793,0.1641402971144467
0.0,0.0,5.111671328186793,0.16461388567608418
0.0,0.0,5.111671328186793,0.16508884066710958
0.0,0.0,5.111671328186793,0.1655651660300363
0.0,0.0,5.111671328186793,0.166042865718753
0.0,0.0,5.111671328186793,0.16652194369855636
0.0,0.0,5.111671328186793,0.16700240394618399
-3.552713678800501e-15,0.0,5.111671328186793,0.16748425044984744
0.0,0.0,5.111671328186793,0.16796748720926535
0.0,0.0,5.111671328186793,0.16845211823569659
0.0,0.0,5.111671328186793,0.16893814755197356
0.0,0.0,5.111671328186793,0.16942557919253565
0.0,0.0,5.111671328186793,0.16991441720346265
0.0,0.0,5.111671328186793,0.1704046656425084
0.0,0.0,5.111671328186793,0.1708963285791344
0.0,0.0,5.111671328186793,0.17138941009454367
0.0,0.0,5.111671328186793,0.1718839142817146
0.0,0.0,5.111671328186793,0.17237984524543487
0.0,0.0,5.111671328186793,0.17287720710233562
0.0,0.0,5.111671328186793,0.1733760039809255
-3.552713678800501e-15,0.0,5.111671328186793,0.17387624002162508
0.0,0.0,5.111671328186793,0.1743779193768011
0.0,0.0,5.111671328186793,0.17488104621080106
0.0,0.0,5.111671328186793,0.17538562469998756
0.0,0.0,5.111671328186793,0.17589165903277332
-3.552713678800501e-15,0.0,5.111671328186793,0.17639915340965556
0.0,0.0,5.111671328186793,0.1769081120432512
-3.552713678800501e-15,0.0,5.111671328186793,0.1774185391583316
-3.552713678800501e-15,0.0,5.111671328186793,0.1779304389918578
0.0,0.0,5.111671328186793,0.17844381579301544
0.0,0.0,5.111671328186793,0.17895867382325037
0.0,0.0,5.111671328186793,0.17947501735630378
0.0,0.0,5.111671328186793,0.1799928506782477
0.0,0.0,5.111671328186793,0.18051217808752068
0.0,0.0,5.111671328186793,0.1810330038949634
0.0,0.0,5.111671328186793,0.18155533242385447
0.0,0.0,5.111671328186793,0.18207916800994628
0.0,0.0,5.111671328186793,0.18260451500150107
0.0,0.0,5.111671328186793,0.18313137775932695
0.0,0.0,5.111671328186793,0.18365976065681408
0.0,0.0,5.111671328186793,0.18418966807997114
0.0,0.0,5.111671328186793,0.18472110442746148
0.0,0.0,5.111671328186793,0.18525407411063985
0.0,0.0,5.111671328186793,0.18578858155358893
0.0,0.0,5.111671328186793,0.18632463119315604
0.0,0.0,5.111671328186793,0.18686222747898995
0.0,0.0,5.111671328186793,0.18740137487357794
0.0,0.0,5.111671328186793,0.18794207785228273
0.0,0.0,5.111671328186793,0.1884843409033796
0.0,0.0,5.111671328186793,0.18902816852809373
-3.552713678800501e-15,0.0,5.111671328186793,0.1895735652406376
-3.552713678800501e-15,0.0,5.111671328186793,0.1901205355682483
0.0,0.0,5.111671328186793,0.19066908405122523
-3.552713678800501e-15,0.0,5.111671328186793,0.19121921524296787
0.0,0.0,5.111671328186793,0.19177093371001333
0.0,0.0,5.111671328186793,0.19232424403207446
-3.552713678800501e-15,0.0,5.111671328186793,0.19287915080207782
0.0,0.0,5.111671328186793,0.19343565862620177
0.0,0.0,5.111671328186793,0.1939937721239147
0.0,0.0,5.111671328186793,0.19455349592801346
0.0,0.0,5.111671328186793,0.19511483468466168
0.0,0.0,5.111671328186793,0.1956777930534285
0.0,0.0,5.111671328186793,0.19624237570732705
0.0,0.0,5.111671328186793,0.19680858733285347
0.0,0.0,5.111671328186793,0.19737643263002558
0.0,0.0,5.111671328186793,0.19794591631242212
0.0,0.0,5.111671328186793,0.19851704310722165
0.0,0.0,5.111671328186793,0.19908981775524195
0.0,0.0,5.111671328186793,0.1996642450109794
0.0,0.0,5.111671328186793,0.2002403296426482
0.0,0.0,5.111671328186793,0.2008180764322203
0.0,0.0,5.111671328186793,0.2013974901754648
0.0,0.0,5.111671328186793,0.20197857568198788
-3.552713678800501e-15,0.0,5.111671328186793,0.2025613377752728
0.0,0.0,5.111671328186793,0.2031457812927198
0.0,0.0,5.111671328186793,0.20373191108568625
0.0,0.0,5.111671328186793,0.2043197320195271
0.0,0.0,5.111671328186793,0.20490924897363508
0.0,0.0,5.111671328186793,0.20550046684148127
0.0,0.0,5.111671328186793,0.20609339053065573
0.0,0.0,5.111671328186793,0.20668802496290825
-3.552713678800501e-15,0.0,5.111671328186793,0.20728437507418915
-3.552713678800501e-15,0.0,5.111671328186793,0.2078824458146903
0.0,0.0,5.111671328186793,0.20848224214888614
0.0,0.0,5.111671328186793,0.20908376905557505
0.0,0.0,5.111671328186793,0.2096870315279205
0.0,0.0,5.111671328186793,0.21029203457349258
0.0,0.0,5.111671328186793,0.21089878321430952
0.0,0.0,5.111671328186793,0.21150728248687953
0.0,0.0,5.111671328186793,0.21211753744224235
-3.552713678800501e-15,0.0,5.111671328186793,0.2127295531460114
0.0,0.0,5.111671328186793,0.21334333467841574
0.0,0.0,5.111671328186793,0.21395888713434222
0.0,0.0,5.111671328186793,0.21457621562337778
0.0,0.0,5.111671328186793,0.21519532526985197
0.0,0.0,5.111671328186793,0.21581622121287933
0.0,0.0,5.111671328186793,0.21643890860640208
0.0,0.0,5.111671328186793,0.21706339261923305
0.0,0.0,5.111671328186793,0.21768967843509837
0.0,0.0,5.111671328186793,0.21831777125268068
0.0,0.0,5.111671328186793,0.2189476762856621
0.0,0.0,5.111671328186793,0.2195793987627678
0.0,0.0,5.111671328186793,0.22021294392780902
0.0,0.0,5.111671328186793,0.22084831703972688
0.0,0.0,5.111671328186793,0.221485523372636
0.0,0.0,5.111671328186793,0.2221245682158681
-3.552713678800501e-15,0.0,5.111671328186793,0.22276545687401617
0.0,0.0,5.111671328186793,0.22340819466697828
0.0,0.0,5.111671328186793,0.22405278693000188
0.0,0.0,5.111671328186793,0.22469923901372796
0.0,0.0,5.111671328186793,0.2253475562842356
0.0,0.0,5.111671328186793,0.22599774412308643
0.0,0.0,5.111671328186793,0.22664980792736933
0.0,0.0,5.111671328186793,0.2273037531097452
0.0,0.0,5.111671328186793,0.22795958509849196
-3.552713678800501e-15,0.0,5.111671328186793,0.22861730933754948
0.0,0.0,5.111671328186793,0.22927693128656493
0.0,0.0,5.111671328186793,0.22993845642093796
0.0,0.0,5.111671328186793,0.23060189023186625
0.0,0.0,5.111671328186793,0.23126723822639103
0.0,0.0,5.111671328186793,0.2319345059274428
0.0,0.0,5.111671328186793,0.23260369887388724
0.0,0.0,5.111671328186793,0.2332748226205711
0.0,0.0,5.111671328186793,0.2339478827383683
0.0,0.0,5.111671328186793,0.2346228848142263
0.0,0.0,5.111671328186793,0.2352998344512124
0.0,0.0,5.111671328186793,0.2359787372685601
0.0,0.0,5.111671328186793,0.2366595989017161
0.0,0.0,5.111671328186793,0.23734242500238667
0.0,0.0,5.111671328186793,0.23802722123858494
0.0,0.0,5.111671328186793,0.23871399329467763
0.0,0.0,5.111671328186793,0.2394027468714324
0.0,0.0,5.111671328186793,0.24009348768606525
0.0,0.0,5.111671328186793,0.24078622147228773
0.0,0.0,5.111671328186793,0.24148095398035477
0.0,0.0,5.111671328186793,0.24217769097711228
0.0,0.0,5.111671328186793,0.2428764382460451
-3.552713678800501e-15,0.0,5.111671328186793,0.24357720158732493
-3.552713678800501e-15,0.0,5.111671328186793,0.24427998681785854
-3.552713678800501e-15,0.0,5.111671328186793,0.24498479977133597
0.0,0.0,5.111671328186793,0.24569164629827908
-3.552713678800501e-15,0.0,5.111671328186793,0.24640053226609002
0.0,0.0,5.111671328186793,0.24711146355909996
0.0,0.0,5.111671328186793,0.24782444607861798
0.0,0.0,5.111671328186793,0.2485394857429799
-3.552713678800501e-15,0.0,5.111671328186793,0.24925658848759766
0.0,0.0,5.111671328186793,0.2499757602650083
0.0,0.0,5.111671328186793,0.2506970070449237
0.0,0.0,5.111671328186793,0.2514203348142797
0.0,0.0,5.111671328186793,0.2521457495772864
0.0,0.0,5.111671328186793,0.2528732573554773
0.0,0.0,5.111671328186793,0.2536028641877597
0.0,0.0,5.111671328186793,0.25433457613046495
0.0,0.0,5.111671328186793,0.25506839925739844
0.0,0.0,5.111671328186793,0.25580433965988997
-3.552713678800501e-15,0.0,5.111671328186793,0.25654240344684465
0.0,0.0,5.111671328186793,0.25728259674479337
0.0,0.0,5.111671328186793,0.25802492569794355
-3.552713678800501e-15,0.0,5.111671328186793,0.25876939646823044
0.0,0.0,5.111671328186793,0.25951601523536805
0.0,0.0,5.111671328186793,0.2602647881969006
0.0,0.0,5.111671328186793,0.2610157215682537
0.0,0.0,5.111671328186793,0.26176882158278636
-3.552713678800501e-15,0.0,5.111671328186793,0.26252409449184233
0.0,0.0,5.111671328186793,0.2632815465648021
0.0,0.0,5.111671328186793,0.26404118408913524
0.0,0.0,5.111671328186793,0.2648030133704521
0.0,0.0,5.111671328186793,0.26556704073255655
-3.552713678800501e-15,0.0,5.111671328186793,0.2663332725174982
-3.552713678800501e-15,0.0,5.111671328186793,0.2671017150856253
0.0,0.0,5.111671328186793,0.2678723748156373
0.0,0.0,5.111671328186793,0.26864525810463796
0.0,0.0,5.111671328186793,0.26942037136818836
-3.552713678800501e-15,0.0,5.111671328186793,0.27019772104036016
-3.552713678800501e-15,0.0,5.111671328186793,0.2709773135737891
-1.7763568394002505e-15,1.7763568394002505e-15,5.111671328186791,0.27175915543972856
0.0,0.0,5.111671328186793,0.2725432531281029
0.0,1.7763568394002505e-15,5.111671328186791,0.27332961314756204
-3.552713678800501e-15,0.0,5.111671328186793,0.27411824202553486
-3.552713678800501e-15,0.0,5.111671328186793,0.2749091463082836
-3.552713678800501e-15,0.0,5.111671328186793,0.2757023325609584
0.0,0.0,5.111671328186793,0.2764978073676514
0.0,0.0,5.111671328186793,0.27729557733145177
-1.7763568394002505e-15,0.0,5.111671328186793,0.2780956490745002
-7.105427357601002e-15,0.0,5.111671328186793,0.2788980292380441
0.0,0.0,5.111671328186793,0.2797027244824927
-3.552713678800501e-15,0.0,5.111671328186793,0.28050974148747226
0.0,0.0,5.111671328186793,0.28131908695188146
-3.552713678800501e-15,0.0,5.111671328186793,0.28213076759394723
-3.552713678800501e-15,0.0,5.111671328186793,0.2829447901512802
0.0,0.0,5.111671328186793,0.28376116138093105
0.0,0.0,5.111671328186793,0.28457988805944606
-5.329070518200751e-15,0.0,5.111671328186793,0.2854009769829239
1.7763568394002505e-15,0.0,5.111671328186793,0.2862244349670717
0.0,0.0,5.111671328186793,0.28705026884726165
1.7763568394002505e-15,0.0,5.111671328186793,0.287878485478588
1.7763568394002505e-15,0.0,5.111671328186793,0.28870909173592363
-1.7763568394002505e-15,0.0,5.111671328186793,0.2895420945139773
0.0,-3.552713678800501e-15,5.111671328186796,0.29037750072735075
-1.7763568394002505e-15,0.0,5.111671328186793,0.29121531731059647
1.7763568394002505e-15,0.0,5.111671328186793,0.29205555121827464
-3.552713678800501e-15,0.0,5.111671328186793,0.2928982094250115
0.0,0.0,5.111671328186793,0.2937432989255567
1.7763568394002505e-15,0.0,5.111671328186793,0.29459082673484177
1.7763568394002505e-15,0.0,5.111671328186793,0.2954407998880381
1.7763568394002505e-15,0.0,5.111671328186793,0.2962932254406156
-1.7763568394002505e-15,0.0,5.111671328186793,0.2971481104684008
1.7763568394002505e-15,0.0,5.111671328186793,0.2980054620676361
1.7763568394002505e-15,0.0,5.111671328186793,0.2988652873550384
-1.7763568394002505e-15,0.0,5.111671328186793,0.29972759346785827
1.7763568394002505e-15,0.0,5.111671328186793,0.30059238756393897
-3.552713678800501e-15,0.0,5.111671328186793,0.3014596768217763
-1.7763568394002505e-15,0.0,5.111671328186793,0.3023294684405778
1.7763568394002505e-15,0.0,5.111671328186793,0.3032017696403226
0.0,0.0,5.111671328186793,0.30407658766182155
-1.7763568394002505e-15,0.0,5.111671328186793,0.304953929766777
0.0,0.0,5.111671328186793,0.3058338032378433
-3.552713678800501e-15,0.0,5.111671328186793,0.3067162153786874
1.7763568394002505e-15,0.0,5.111671328186793,0.3076011735140489
0.0,0.0,5.111671328186793,0.3084886849898016
1.7763568394002505e-15,0.0,5.111671328186793,0.30937875717301383
1.7763568394002505e-15,-3.552713678800501e-15,5.111671328186796,0.31027139745201004
1.7763568394002505e-15,0.0,5.111671328186793,0.31116661323643197
1.7763568394002505e-15,0.0,5.111671328186793,0.3120644119573
0.0,-3.552713678800501e-15,5.111671328186796,0.3129648010670752
1.7763568394002505e-15,-3.552713678800501e-15,5.111671328186796,0.3138677880397208
1.7763568394002505e-15,-3.552713678800501e-15,5.111671328186796,0.31477338037076447
-1.7763568394002505e-15,-3.552713678800501e-15,5.111671328186796,0.31568158557736054
1.7763568394002505e-15,-3.552713678800501e-15,5.111671328186796,0.31659241119835224
1.7763568394002505e-15,0.0,5.111671328186793,0.3175058647943344
-3.552713678800501e-15,0.0,5.111671328186793,0.3184219539477163
0.0,0.0,5.111671328186793,0.3193406862627842
1.7763568394002505e-15,0.0,5.111671328186793,0.3202620693657652
-3.552713678800501e-15,0.0,5.111671328186793,0.32118611090488963
1.7763568394002505e-15,0.0,5.111671328186793,0.32211281855045537
1.7763568394002505e-15,0.0,5.111671328186793,0.323042199994891
1.7763568394002505e-15,0.0,5.111671328186793,0.3239742629528197
1.7763568394002505e-15,0.0,5.111671328186793,0.32490901516112364
1.7763568394002505e-15,0.0,5.111671328186793,0.3258464643790078
1.7763568394002505e-15,0.0,5.111671328186793,0.3267866183880646
-3.552713678800501e-15,0.0,5.111671328186793,0.3277294849923384
0.0,0.0,5.111671328186793,0.32867507201839025
0.0,0.0,5.111671328186793,0.32962338731536306
1.7763568394002505e-15,-3.552713678800501e-15,5.111671328186796,0.3305744387550465
1.7763568394002505e-15,0.0,5.111671328186793,0.3315282342319425
1.7763568394002505e-15,0.0,5.111671328186793,0.33248478166333073
1.7763568394002505e-15,0.0,5.111671328186793,0.3334440889893343
1.7763568394002505e-15,0.0,5.111671328186793,0.33440616417298574
-1.7763568394002505e-15,0.0,5.111671328186793,0.33537101520029305
0.0,0.0,5.111671328186793,0.33633865008030595
1.7763568394002505e-15,-3.552713678800501e-15,5.111671328186796,0.33730907684518235
0.0,0.0,5.111671328186793,0.3382823035502553
0.0,0.0,5.111671328186793,0.33925833827409935
1.7763568394002505e-15,0.0,5.111671328186793,0.3402371891185981
-1.7763568394002505e-15,0.0,5.111671328186793,0.34121886420901126
-1.7763568394002505e-15,0.0,5.111671328186793,0.3422033716940419
1.7763568394002505e-15,0.0,5.111671328186793,0.3431907197459044
1.7763568394002505e-15,0.0,5.111671328186793,0.34418091656039224
1.7763568394002505e-15,-3.552713678800501e-15,5.111671328186796,0.34517397035694564
1.7763568394002505e-15,-3.552713678800501e-15,5.111671328186796,0.3461698893787205
1.7763568394002505e-15,-3.552713678800501e-15,5.111671328186796,0.34716868189265615
1.7763568394002505e-15,0.0,5.111671328186793,0.3481703561895443
-1.7763568394002505e-15,0.0,5.111671328186793,0.3491749205840979
1.7763568394002505e-15,0.0,5.111671328186793,0.35018238341501995
1.7763568394002505e-15,-3.552713678800501e-15,5.111671328186796,0.35119275304507297
-1.7763568394002505e-15,-1.7763568394002505e-15,5.1116713281867945,0.35220603786114807
1.7763568394002505e-15,0.0,5.111671328186793,0.353222246274335
1.7763568394002505e-15,0.0,5.111671328186793,0.3542413867199916
1.7763568394002505e-15,0.0,5.111671328186793,0.35526346765781414
1.7763568394002505e-15,0.0,5.111671328186793,0.35628849757190706
1.7763568394002505e-15,0.0,5.111671328186793,0.35731648497085405
1.7763568394002505e-15,-3.552713678800501e-15,5.111671328186796,0.35834743838778815
-1.7763568394002505e-15,-3.552713678800501e-15,5.111671328186796,0.35938136638046275
1.7763568394002505e-15,0.0,5.111671328186793,0.3604182775313227
1.7763568394002505e-15,0.0,5.111671328186793,0.3614581804475756
1.7763568394002505e-15,0.0,5.111671328186793,0.3625010837612629
1.7763568394002505e-15,0.0,5.111671328186793,0.36354699612933195
-1.7763568394002505e-15,-1.7763568394002505e-15,5.1116713281867945,0.36459592623370773
1.7763568394002505e-15,-1.7763568394002505e-15,5.1116713281867945,0.36564788278136473
1.7763568394002505e-15,-3.552713678800501e-15,5.111671328186796,0.3667028745043996
1.7763568394002505e-15,-3.552713678800501e-15,5.111671328186796,0.36776091016010326
1.7763568394002505e-15,-1.7763568394002505e-15,5.1116713281867945,0.36882199853103376
0.0,0.0,5.111671328186793,0.3698861484250893
-1.7763568394002505e-15,0.0,5.111671328186793,0.37095336867558104
1.7763568394002505e-15,0.0,5.111671328186793,0.3720236681413068
-1.7763568394002505e-15,-3.552713678800501e-15,5.111671328186796,0.37309705570662416
1.7763568394002505e-15,0.0,5.111671328186793,0.37417354028152466
1.7763568394002505e-15,-3.552713678800501e-15,5.111671328186796,0.3752531308017074
0.0,0.0,5.111671328186793,0.37633583622865346
0.0,-3.552713678800501e-15,5.111671328186796,0.3774216655497001
-1.7763568394002505e-15,-3.552713678800501e-15,5.111671328186796,0.3785106277781155
1.7763568394002505e-15,0.0,5.111671328186793,0.37960273195317346
0.0,0.0,5.111671328186793,0.3806979871402286
0.0,0.0,5.111671328186793,0.38179640243079144
1.7763568394002505e-15,0.0,5.111671328186793,0.38289798694260385
1.7763568394002505e-15,0.0,5.111671328186793,0.38400274981971505
1.7763568394002505e-15,0.0,5.111671328186793,0.38511070023255706
-1.7763568394002505e-15,0.0,5.111671328186793,0.3862218473780212
1.7763568394002505e-15,0.0,5.111671328186793,0.3873362004795341
1.7763568394002505e-15,0.0,5.111671328186793,0.3884537687871346
1.7763568394002505e-15,0.0,5.111671328186793,0.3895745615775503
1.7763568394002505e-15,0.0,5.111671328186793,0.39069858815427466
1.7763568394002505e-15,-3.552713678800501e-15,5.111671328186796,0.3918258578476442
1.7763568394002505e-15,-3.552713678800501e-15,5.111671328186796,0.3929563800149159
-3.552713678800501e-15,0.0,5.111671328186793,0.39409016404034497
0.0,0.0,5.111671328186793,0.3952272193352627
-1.7763568394002505e-15,0.0,5.111671328186793,0.3963675553381546
1.7763568394002505e-15,1.7763568394002505e-15,5.111671328186791,0.3975111815147387
1.7763568394002505e-15,-3.552713678800501e-15,5.111671328186796,0.3986581073580441
3.552713678800501e-15,-3.552713678800501e-15,5.111671328186796,0.3998083423884899
1.7763568394002505e-15,-3.552713678800501e-15,5.111671328186796,0.4009618961539642
1.7763568394002505e-15,0.0,5.111671328186793,0.40211877822990316
1.7763568394002505e-15,0.0,5.111671328186793,0.40327899821937074
-1.7763568394002505e-15,-3.552713678800501e-15,5.111671328186796,0.40444256575313825
1.7763568394002505e-15,-3.552713678800501e-15,5.111671328186796,0.40560949048976436
-1.7763568394002505e-15,-3.552713678800501e-15,5.111671328186796,0.4067797821156753
-1.7763568394002505e-15,-3.552713678800501e-15,5.111671328186796,0.4079534503452451
-1.7763568394002505e-15,-3.552713678800501e-15,5.111671328186796,0.4091305049208765
-3.552713678800501e-15,0.0,5.111671328186793,0.4103109556130816
-1.7763568394002505e-15,0.0,5.111671328186793,0.41149481222056306
1.7763568394002505e-15,0.0,5.111671328186793,0.41268208457029537
0.0,0.0,5.111671328186793,0.4138727825176065
-3.552713678800501e-15,-3.552713678800501e-15,5.111671328186796,0.41506691594625966
3.552713678800501e-15,0.0,5.111671328186793,0.4162644947685354
1.7763568394002505e-15,0.0,5.111671328186793,0.4174655289253137
0.0,0.0,5.111671328186793,0.4186700283861568
1.7763568394002505e-15,1.7763568394002505e-15,5.111671328186791,0.41987800314939167
1.7763568394002505e-15,0.0,5.111671328186793,0.42108946324219326
-1.7763568394002505e-15,0.0,5.111671328186793,0.42230441872066743
-1.7763568394002505e-15,-3.552713678800501e-15,5.111671328186796,0.4235228796699347
1.7763568394002505e-15,0.0,5.111671328186793,0.4247448562042138
1.7763568394002505e-15,0.0,5.111671328186793,0.42597035846690573
1.7763568394002505e-15,0.0,5.111671328186793,0.4271993966306779
1.7763568394002505e-15,0.0,5.111671328186793,0.42843198089754847
-3.552713678800501e-15,0.0,5.111671328186793,0.42966812149897127
1.7763568394002505e-15,0.0,5.111671328186793,0.43090782869592065
1.7763568394002505e-15,0.0,5.111671328186793,0.43215111277897644
1.7763568394002505e-15,-3.552713678800501e-15,5.111671328186796,0.4333979840684096
3.552713678800501e-15,-3.552713678800501e-15,5.111671328186796,0.43464845291426796
1.7763568394002505e-15,-1.7763568394002505e-15,5.1116713281867945,0.43590252969646187
1.7763568394002505e-15,-1.7763568394002505e-15,5.1116713281867945,0.43716022482485045
0.0,-3.552713678800501e-15,5.111671328186796,0.43842154873932815
1.7763568394002505e-15,0.0,5.111671328186793,0.43968651190991126
1.7763568394002505e-15,0.0,5.111671328186793,0.4409551248368248
0.0,-3.552713678800501e-15,5.111671328186796,0.4422273980505899
3.552713678800501e-15,-1.7763568394002505e-15,5.1116713281867945,0.44350334211211095
1.7763568394002505e-15,-3.552713678800501e-15,5.111671328186796,0.44478296761276326
1.7763568394002505e-15,-3.552713678800501e-15,5.111671328186796,0.4460662851744813
-1.7763568394002505e-15,-3.552713678800501e-15,5.111671328186796,0.44735330544984653
1.7763568394002505e-15,-3.552713678800501e-15,5.111671328186796,0.448644039122176
3.552713678800501e-15,0.0,5.111671328186793,0.44993849690561083
-1.7763568394002505e-15,-3.552713678800501e-15,5.111671328186796,0.45123668954520557
0.0,0.0,5.111671328186793,0.4525386278170169
1.7763568394002505e-15,-3.552713678800501e-15,5.111671328186796,0.4538443225281934
0.0,0.0,5.111671328186793,0.45515378451706506
-1.7763568394002505e-15,0.0,5.111671328186793,0.45646702465323347
1.7763568394002505e-15,0.0,5.111671328186793,0.45778405383766185
-3.552713678800501e-15,0.0,5.111671328186793,0.45910488300276564
-1.7763568394002505e-15,-3.552713678800501e-15,5.111671328186796,0.4604295231125032
0.0,-3.552713678800501e-15,5.111671328186796,0.46175798516246674
1.7763568394002505e-15,0.0,5.111671328186793,0.46309028017997395
1.7763568394002505e-15,-3.552713678800501e-15,5.111671328186796,0.46442641922415895
1.7763568394002505e-15,0.0,5.111671328186793,0.4657664133860646
1.7763568394002505e-15,0.0,5.111671328186793,0.46711027378873443
1.7763568394002505e-15,0.0,5.111671328186793,0.46845801158730477
-3.552713678800501e-15,0.0,5.111671328186793,0.4698096379690976
1.7763568394002505e-15,0.0,5.111671328186793,0.4711651641537132
1.7763568394002505e-15,0.0,5.111671328186793,0.47252460139312347
0.0,0.0,5.111671328186793,0.47388796097176533
0.0,0.0,5.111671328186793,0.47525525420663417
1.7763568394002505e-15,-3.552713678800501e-15,5.111671328186796,0.47662649244737804
-3.552713678800501e-15,-1.7763568394002505e-15,5.1116713281867945,0.4780016870763916
-3.552713678800501e-15,-3.552713678800501e-15,5.111671328186796,0.4793808495089109
-3.552713678800501e-15,-1.7763568394002505e-15,5.1116713281867945,0.48076399119310803
3.552713678800501e-15,-3.552713678800501e-15,5.111671328186796,0.4821511236101859
-1.7763568394002505e-15,0.0,5.111671328186793,0.483542258274474
0.0,0.0,5.111671328186793,0.48493740673352353
3.552713678800501e-15,0.0,5.111671328186793,0.4863365805682036
-3.552713678800501e-15,0.0,5.111671328186793,0.4877397913927972
-3.552713678800501e-15,0.0,5.111671328186793,0.4891470508550975
1.7763568394002505e-15,-3.552713678800501e-15,5.111671328186796,0.4905583706365048
1.7763568394002505e-15,-3.552713678800501e-15,5.111671328186796,0.4919737624521233
-1.7763568394002505e-15,-1.7763568394002505e-15,5.1116713281867945,0.49339323805085844
3.552713678800501e-15,-3.552713678800501e-15,5.111671328186796,0.4948168092155143
-3.552713678800501e-15,-1.7763568394002505e-15,5.1116713281867945,0.4962444877628916
-3.552713678800501e-15,-3.552713678800501e-15,5.111671328186796,0.4976762855438856
1.7763568394002505e-15,-3.552713678800501e-15,5.111671328186796,0.49911221444358467
-3.552713678800501e-15,0.0,5.111671328186793,0.5005522863813687
3.552713678800501e-15,0.0,5.111671328186793,0.5019965133110081
0.0,-3.552713678800501e-15,5.111671328186796,0.5034449072207635
0.0,-3.552713678800501e-15,5.111671328186796,0.5048974801334845
1.7763568394002505e-15,-3.552713678800501e-15,5.111671328186796,0.5063542441067097
1.7763568394002505e-15,0.0,5.111671328186793,0.5078152112327673
1.7763568394002505e-15,1.7763568394002505e-15,5.111671328186791,0.509280393638875
-1.7763568394002505e-15,-1.7763568394002505e-15,5.1116713281867945,0.5107498034872405
0.0,1.7763568394002505e-15,5.111671328186791,0.512223452975163
-3.552713678800501e-15,-1.7763568394002505e-15,5.1116713281867945,0.5137013543351341
-3.552713678800501e-15,-3.552713678800501e-15,5.111671328186796,0.5151835198349394
-1.7763568394002505e-15,-3.552713678800501e-15,5.111671328186796,0.5166699617777601
-3.552713678800501e-15,-1.7763568394002505e-15,5.1116713281867945,0.5181606925022757
0.0,-1.7763568394002505e-15,5.1116713281867945,0.519655724382766
0.0,-3.552713678800501e-15,5.111671328186796,0.5211550698292138
3.552713678800501e-15,-3.552713678800501e-15,5.111671328186796,0.522658741287408
-1.7763568394002505e-15,-1.7763568394002505e-15,5.1116713281867945,0.524166751239047
1.7763568394002505e-15,1.7763568394002505e-15,5.111671328186791,0.5256791122018422
3.552713678800501e-15,-3.552713678800501e-15,5.111671328186796,0.527195836729622
0.0,0.0,5.111671328186793,0.5287169374124359
-3.552713678800501e-15,0.0,5.111671328186793,0.530242426876659
0.0,-3.552713678800501e-15,5.111671328186796,0.5317723177850969
-1.7763568394002505e-15,-1.7763568394002505e-15,5.1116713281867945,0.5333066228370908
0.0,-3.552713678800501e-15,5.111671328186796,0.534845354768623
1.7763568394002505e-15,-3.552713678800501e-15,5.111671328186796,0.5363885263524222
-3.552713678800501e-15,-3.552713678800501e-15,5.111671328186796,0.5379361503980701
0.0,0.0,5.111671328186793,0.5394882397521072
0.0,-3.552713678800501e-15,5.111671328186796,0.5410448072981402
-1.7763568394002505e-15,-3.552713678800501e-15,5.111671328186796,0.5426058659569478
-1.7763568394002505e-15,-3.552713678800501e-15,5.111671328186796,0.5441714286865891
0.0,-3.552713678800501e-15,5.111671328186796,0.5457415084825102
0.0,-3.552713678800501e-15,5.111671328186796,0.5473161183776533
-3.552713678800501e-15,-1.7763568394002505e-15,5.1116713281867945,0.5488952714425631
0.0,-3.552713678800501e-15,5.111671328186796,0.5504789807854971
-7.105427357601002e-15,-1.7763568394002505e-15,5.1116713281867945,0.5520672595525332
0.0,1.7763568394002505e-15,5.111671328186791,0.5536601209276795
-3.552713678800501e-15,-1.7763568394002505e-15,5.1116713281867945,0.5552575781329833
1.7763568394002505e-15,-3.552713678800501e-15,5.111671328186796,0.5568596444286411
1.7763568394002505e-15,0.0,5.111671328186793,0.5584663331131088
-3.552713678800501e-15,0.0,5.111671328186793,0.5600776575232114
1.7763568394002505e-15,0.0,5.111671328186793,0.5616936310342546
-1.7763568394002505e-15,-3.552713678800501e-15,5.111671328186796,0.5633142670601354
0.0,-3.552713678800501e-15,5.111671328186796,0.5649395790534535
-3.552713678800501e-15,-3.552713678800501e-15,5.111671328186796,0.5665695805056226
-3.552713678800501e-15,0.0,5.111671328186793,0.568204284946983
0.0,0.0,5.111671328186793,0.5698437059469139
1.7763568394002505e-15,-3.552713678800501e-15,5.111671328186796,0.5714878571139452
-3.552713678800501e-15,0.0,5.111671328186793,0.5731367520958714
-3.552713678800501e-15,0.0,5.111671328186793,0.5747904045798645
-3.552713678800501e-15,0.0,5.111671328186793,0.5764488282925876
-1.7763568394002505e-15,0.0,5.111671328186793,0.5781120370003089
-3.552713678800501e-15,0.0,5.111671328186793,0.579780044509016
-1.7763568394002505e-15,-3.552713678800501e-15,5.111671328186796,0.5814528646645303
0.0,-3.552713678800501e-15,5.111671328186796,0.5831305113526222
1.7763568394002505e-15,0.0,5.111671328186793,0.5848129984991263
0.0,1.7763568394002505e-15,5.111671328186791,0.5865003400700569
0.0,1.7763568394002505e-15,5.111671328186791,0.5881925500717241
0.0,-3.552713678800501e-15,5.111671328186796,0.5898896425508496
1.7763568394002505e-15,0.0,5.111671328186793,0.5915916315946841
1.7763568394002505e-15,-3.552713678800501e-15,5.111671328186796,0.5932985313311233
0.0,1.7763568394002505e-15,5.111671328186791,0.595010355928826
0.0,1.7763568394002505e-15,5.111671328186791,0.5967271195973314
-1.7763568394002505e-15,1.7763568394002505e-15,5.111671328186791,0.5984488365871766
1.7763568394002505e-15,5.329070518200751e-15,5.111671328186787,0.6001755211900157
1.7763568394002505e-15,5.329070518200751e-15,5.111671328186787,0.601907187738738
1.7763568394002505e-15,1.7763568394002505e-15,5.111671328186791,0.6036438506075867
1.7763568394002505e-15,3.552713678800501e-15,5.111671328186789,0.6053855242122789
-1.7763568394002505e-15,5.329070518200751e-15,5.111671328186787,0.6071322230101247
0.0,5.329070518200751e-15,5.111671328186787,0.6088839615001475
0.0,5.329070518200751e-15,5.111671328186787,0.610640754223204
1.7763568394002505e-15,1.7763568394002505e-15,5.111671328186791,0.6124026157621054
0.0,1.7763568394002505e-15,5.111671328186791,0.6141695607417382
1.7763568394002505e-15,5.329070518200751e-15,5.111671328186787,0.6159416038291856
0.0,1.7763568394002505e-15,5.111671328186791,0.6177187597338492
0.0,1.7763568394002505e-15,5.111671328186791,0.6195010432075708
0.0,1.7763568394002505e-15,5.111671328186791,0.621288469044756
0.0,-1.7763568394002505e-15,5.1116713281867945,0.6230810520824954
0.0,-1.7763568394002505e-15,5.1116713281867945,0.6248788072006891
0.0,-1.7763568394002505e-15,5.1116713281867945,0.6266817493221695
-1.7763568394002505e-15,-1.7763568394002505e-15,5.1116713281867945,0.6284898934128251
-1.7763568394002505e-15,-1.7763568394002505e-15,5.1116713281867945,0.6303032544817255
0.0,1.7763568394002505e-15,5.111671328186791,0.6321218475812451
0.0,3.552713678800501e-15,5.111671328186789,0.6339456878071889
0.0,1.7763568394002505e-15,5.111671328186791,0.6357747902989161
-1.7763568394002505e-15,1.7763568394002505e-15,5.111671328186791,0.6376091702394685
-1.7763568394002505e-15,0.0,5.111671328186793,0.6394488428556941
0.0,0.0,5.111671328186793,0.6412938234183748
0.0,0.0,5.111671328186793,0.6431441272423527
1.7763568394002505e-15,-1.7763568394002505e-15,5.1116713281867945,0.6449997696866572
-3.552713678800501e-15,0.0,5.111671328186793,0.6468607661546326
1.7763568394002505e-15,0.0,5.111671328186793,0.6487271320940661
-1.7763568394002505e-15,-1.7763568394002505e-15,5.1116713281867945,0.6505988829973158
0.0,0.0,5.111671328186793,0.6524760344014395
1.7763568394002505e-15,0.0,5.111671328186793,0.6543586018883234
0.0,0.0,5.111671328186793,0.6562466010848117
3.552713678800501e-15,-3.552713678800501e-15,5.111671328186796,0.6581400476628361
0.0,-1.7763568394002505e-15,5.1116713281867945,0.660038957339546
0.0,0.0,5.111671328186793,0.6619433458774393
3.552713678800501e-15,-1.7763568394002505e-15,5.1116713281867945,0.6638532290844925
-1.7763568394002505e-15,0.0,5.111671328186793,0.6657686228142926
1.7763568394002505e-15,0.0,5.111671328186793,0.6676895429661682
1.7763568394002505e-15,-1.7763568394002505e-15,5.1116713281867945,0.6696160054853221
-1.7763568394002505e-15,-1.7763568394002505e-15,5.1116713281867945,0.6715480263629626
1.7763568394002505e-15,-1.7763568394002505e-15,5.1116713281867945,0.6734856216364377
1.7763568394002505e-15,-1.7763568394002505e-15,5.1116713281867945,0.6754288073893667
0.0,-1.7763568394002505e-15,5.1116713281867945,0.677377599751775
-1.7763568394002505e-15,0.0,5.111671328186793,0.6793320149002271
1.7763568394002505e-15,0.0,5.111671328186793,0.6812920690579614
-1.7763568394002505e-15,0.0,5.111671328186793,0.6832577784950243
-1.7763568394002505e-15,0.0,5.111671328186793,0.6852291595284062
0.0,0.0,5.111671328186793,0.687206228522176
3.552713678800501e-15,0.0,5.111671328186793,0.6891890018876173
3.552713678800501e-15,0.0,5.111671328186793,0.6911774960833648
0.0,-1.7763568394002505e-15,5.1116713281867945,0.6931717276155406
-3.552713678800501e-15,1.7763568394002505e-15,5.111671328186791,0.6951717130378914
-1.7763568394002505e-15,1.7763568394002505e-15,5.111671328186791,0.6971774689519259
1.7763568394002505e-15,1.7763568394002505e-15,5.111671328186791,0.6991890120070527
1.7763568394002505e-15,0.0,5.111671328186793,0.7012063589007183
1.7763568394002505e-15,0.0,5.111671328186793,0.7032295263785455
1.7763568394002505e-15,0.0,5.111671328186793,0.7052585312344732
-1.7763568394002505e-15,1.7763568394002505e-15,5.111671328186791,0.7072933903108951
1.7763568394002505e-15,1.7763568394002505e-15,5.111671328186791,0.7093341204987995
-1.7763568394002505e-15,1.7763568394002505e-15,5.111671328186791,0.7113807387379099
0.0,-1.7763568394002505e-15,5.1116713281867945,0.7134332620168254
1.7763568394002505e-15,-1.7763568394002505e-15,5.1116713281867945,0.7154917073731617
1.7763568394002505e-15,-1.7763568394002505e-15,5.1116713281867945,0.7175560918936926
-3.552713678800501e-15,0.0,5.111671328186793,0.7196264327144919
-3.552713678800501e-15,1.7763568394002505e-15,5.111671328186791,0.7217027470210754
1.7763568394002505e-15,3.552713678800501e-15,5.111671328186789,0.7237850520485436
-3.552713678800501e-15,0.0,5.111671328186793,0.7258733650817252
-3.552713678800501e-15,-1.7763568394002505e-15,5.1116713281867945,0.7279677034553199
-3.552713678800501e-15,-1.7763568394002505e-15,5.1116713281867945,0.7300680845540428
-3.552713678800501e-15,1.7763568394002505e-15,5.111671328186791,0.7321745258127688
-3.552713678800501e-15,1.7763568394002505e-15,5.111671328186791,0.7342870447166764
-3.552713678800501e-15,1.7763568394002505e-15,5.111671328186791,0.7364056588013941
-3.552713678800501e-15,1.7763568394002505e-15,5.111671328186791,0.7385303856531452
-3.552713678800501e-15,-1.7763568394002505e-15,5.1116713281867945,0.7406612429088938
-1.7763568394002505e-15,-1.7763568394002505e-15,5.1116713281867945,0.7427982482564917
-3.552713678800501e-15,-1.7763568394002505e-15,5.1116713281867945,0.7449414194348243
-1.7763568394002505e-15,1.7763568394002505e-15,5.111671328186791,0.7470907742339591
-1.7763568394002505e-15,-1.7763568394002505e-15,5.1116713281867945,0.7492463304952921
-1.7763568394002505e-15,-1.7763568394002505e-15,5.1116713281867945,0.7514081061116968
-3.552713678800501e-15,-1.7763568394002505e-15,5.1116713281867945,0.7535761190276724
-3.552713678800501e-15,-1.7763568394002505e-15,5.1116713281867945,0.7557503872394927
-1.7763568394002505e-15,-1.7763568394002505e-15,5.1116713281867945,0.7579309287953556
-3.552713678800501e-15,-1.7763568394002505e-15,5.1116713281867945,0.7601177617955328
-3.552713678800501e-15,-1.7763568394002505e-15,5.1116713281867945,0.7623109043925202
-3.552713678800501e-15,1.7763568394002505e-15,5.111671328186791,0.7645103747911884
-3.552713678800501e-15,1.7763568394002505e-15,5.111671328186791,0.7667161912489341
-3.552713678800501e-15,1.7763568394002505e-15,5.111671328186791,0.7689283720758311
1.7763568394002505e-15,1.7763568394002505e-15,5.111671328186791,0.7711469356347831
-3.552713678800501e-15,-1.7763568394002505e-15,5.1116713281867945,0.7733719003416752
-1.7763568394002505e-15,1.7763568394002505e-15,5.111671328186791,0.7756032846655277
-1.7763568394002505e-15,1.7763568394002505e-15,5.111671328186791,0.7778411071286488
-1.7763568394002505e-15,-1.7763568394002505e-15,5.1116713281867945,0.7800853863067883
-1.7763568394002505e-15,-1.7763568394002505e-15,5.1116713281867945,0.7823361408292921
-1.7763568394002505e-15,-1.7763568394002505e-15,5.1116713281867945,0.7845933893792569
-1.7763568394002505e-15,0.0,5.111671328186793,0.786857150693685
-1.7763568394002505e-15,-5.329070518200751e-15,5.111671328186798,0.7891274435636398
-1.7763568394002505e-15,-1.7763568394002505e-15,5.1116713281867945,0.7914042868344023
-3.552713678800501e-15,3.552713678800501e-15,5.111671328186789,0.7936876994056268
-1.7763568394002505e-15,1.7763568394002505e-15,5.111671328186791,0.7959777002314984
-1.7763568394002505e-15,0.0,5.111671328186793,0.7982743083208899
-1.7763568394002505e-15,3.552713678800501e-15,5.111671328186789,0.8005775427375198
-1.7763568394002505e-15,0.0,5.111671328186793,0.8028874226001107
1.7763568394002505e-15,0.0,5.111671328186793,0.8052039670825476
0.0,0.0,5.111671328186793,0.8075271954140374
-1.7763568394002505e-15,0.0,5.111671328186793,0.8098571268792683
0.0,-1.7763568394002505e-15,5.1116713281867945,0.81219378081857
0.0,0.0,5.111671328186793,0.8145371766280743
0.0,-3.552713678800501e-15,5.111671328186796,0.816887333759876
0.0,-1.7763568394002505e-15,5.1116713281867945,0.8192442717221942
0.0,0.0,5.111671328186793,0.8216080100795347
-3.552713678800501e-15,0.0,5.111671328186793,0.8239785684528518
0.0,-3.552713678800501e-15,5.111671328186796,0.8263559665197118
0.0,1.7763568394002505e-15,5.111671328186791,0.8287402240144558
-1.7763568394002505e-15,5.329070518200751e-15,5.111671328186787,0.8311313607283639
0.0,1.7763568394002505e-15,5.111671328186791,0.8335293965098194
0.0,0.0,5.111671328186793,0.835934351264473
0.0,-1.7763568394002505e-15,5.1116713281867945,0.8383462449554092
0.0,-1.7763568394002505e-15,5.1116713281867945,0.8407650976033108
-1.7763568394002505e-15,0.0,5.111671328186793,0.8431909292866258
-1.7763568394002505e-15,-1.7763568394002505e-15,5.1116713281867945,0.8456237601417339
1.7763568394002505e-15,0.0,5.111671328186793,0.8480636103631136
1.7763568394002505e-15,1.7763568394002505e-15,5.111671328186791,0.8505105002035099
1.7763568394002505e-15,0.0,5.111671328186793,0.8529644499741023
1.7763568394002505e-15,0.0,5.111671328186793,0.8554254800446736
1.7763568394002505e-15,0.0,5.111671328186793,0.8578936108437787
-1.7763568394002505e-15,0.0,5.111671328186793,0.8603688628589143
-1.7763568394002505e-15,-3.552713678800501e-15,5.111671328186796,0.8628512566366894
-1.7763568394002505e-15,-3.552713678800501e-15,5.111671328186796,0.8653408127829948
0.0,-1.7763568394002505e-15,5.1116713281867945,0.8678375519631754
0.0,0.0,5.111671328186793,0.8703414949022008
0.0,-1.7763568394002505e-15,5.1116713281867945,0.8728526623848377
-3.552713678800501e-15,0.0,5.111671328186793,0.8753710752558226
0.0,0.0,5.111671328186793,0.8778967544200342
1.7763568394002505e-15,0.0,5.111671328186793,0.8804297208426679
1.7763568394002505e-15,0.0,5.111671328186793,0.8829699955494089
-1.7763568394002505e-15,0.0,5.111671328186793,0.8855175996266074
-1.7763568394002505e-15,0.0,5.111671328186793,0.8880725542214528
-3.552713678800501e-15,-3.552713678800501e-15,5.111671328186796,0.8906348805421505
0.0,-1.7763568394002505e-15,5.1116713281867945,0.8932045998580966
0.0,-3.552713678800501e-15,5.111671328186796,0.8957817335000556
-1.7763568394002505e-15,-1.7763568394002505e-15,5.1116713281867945,0.8983663028603368
0.0,0.0,5.111671328186793,0.9009583293929717
0.0,0.0,5.111671328186793,0.9035578346138927
0.0,3.552713678800501e-15,5.111671328186789,0.9061648401011115
0.0,-1.7763568394002505e-15,5.1116713281867945,0.908779367494898
0.0,0.0,5.111671328186793,0.9114014384979597
1.7763568394002505e-15,0.0,5.111671328186793,0.914031074875623
0.0,-3.552713678800501e-15,5.111671328186796,0.9166682984560123
-1.7763568394002505e-15,1.7763568394002505e-15,5.111671328186791,0.9193131311302323
1.7763568394002505e-15,0.0,5.111671328186793,0.9219655948525495
1.7763568394002505e-15,0.0,5.111671328186793,0.924625711640574
1.7763568394002505e-15,-3.552713678800501e-15,5.111671328186796,0.9272935035754429
-3.552713678800501e-15,-1.7763568394002505e-15,5.1116713281867945,0.9299689928020032
-3.552713678800501e-15,1.7763568394002505e-15,5.111671328186791,0.9326522015289953
1.7763568394002505e-15,-1.7763568394002505e-15,5.1116713281867945,0.9353431520292385
-1.7763568394002505e-15,-1.7763568394002505e-15,5.1116713281867945,0.9380418666398143
0.0,0.0,5.111671328186793,0.9407483677622531
-3.552713678800501e-15,1.7763568394002505e-15,5.111671328186791,0.9434626778627199
0.0,0.0,5.111671328186793,0.9461848194721999
-1.7763568394002505e-15,-3.552713678800501e-15,5.111671328186796,0.9489148151866871
-1.7763568394002505e-15,0.0,5.111671328186793,0.95165268766737
1.7763568394002505e-15,-3.552713678800501e-15,5.111671328186796,0.9543984596408215
-3.552713678800501e-15,-3.552713678800501e-15,5.111671328186796,0.9571521538991863
-3.552713678800501e-15,1.7763568394002505e-15,5.111671328186791,0.9599137933003706
-1.7763568394002505e-15,1.7763568394002505e-15,5.111671328186791,0.9626834007682317
-3.552713678800501e-15,1.7763568394002505e-15,5.111671328186791,0.9654609992927685
0.0,-3.552713678800501e-15,5.111671328186796,0.9682466119303121
0.0,-3.552713678800501e-15,5.111671328186796,0.9710402618037173
0.0,-1.7763568394002505e-15,5.1116713281867945,0.9738419721025544
-1.7763568394002505e-15,-1.7763568394002505e-15,5.1116713281867945,0.9766517660833018
0.0,0.0,5.111671328186793,0.9794696670695393
-1.7763568394002505e-15,-1.7763568394002505e-15,5.1116713281867945,0.9822956984521412
1.7763568394002505e-15,1.7763568394002505e-15,5.111671328186791,0.9851298836894707
-1.7763568394002505e-15,0.0,5.111671328186793,0.9879722463075749
-1.7763568394002505e-15,-1.7763568394002505e-15,5.1116713281867945,0.9908228099003795
1.3134382470525452e-10,1.3308465440786676e-10,5.111671328053708,0.9936815981298852
0.0001126255494572348,0.00011346268732026488,5.111557865499472,0.9965486347263638
0.22402684968664488,0.22429383255591162,4.887377495630881,0.9994239434885551
1.029107030846376,1.0279932756364065,4.083678052550386,1.0023075482838655
1.4852977867080934,1.4824131556520523,3.6292581725347404,1.0051994730485634
1.7708597057604187,1.766090322899208,3.3455810052875847,1.0080997417879816
1.9715658249822017,1.964899925713178,3.1467714024736146,1.0110083785767137
2.1258531462312664,2.117284628602798,2.9943866995839947,1.0139254075588153
2.2522248111939938,2.241737155241177,2.869934172945616,1.0168508529480038
2.3596355629681955,2.347212330729059,2.7644589974577336,1.0197847390278598
2.453156289847046,2.4387839274644634,2.6728874007223293,1.0227270901520287
2.535908541047565,2.519578715992841,2.5920926121939516,1.025677930744422
2.610045634859807,2.591753959237165,2.5199173689496277,1.0286372852994212
2.6772989477061326,2.65703899280048,2.4546323353863126,1.0316051783820808
2.739029518924582,2.716790524803624,2.3948808033831686,1.0345816346283316
2.79603109287112,2.7718061622357606,2.339865165951032,1.037566678745186
2.8488860374261282,2.822672912416019,2.2889984157707737,1.0405603355109423
2.898147047943887,2.869944428769106,2.241726899417687,1.0435626297753913
2.9442912033545525,2.9140974767754813,2.1975738514113115,1.0465735864600219
2.9877092137113337,2.9555224310653294,2.1561488971214633,1.0495932305582276
3.0287207459046037,2.994538780439324,2.1171325477474685,1.0526215871355156
3.067590065363481,3.0314107538464192,2.0802605743403735,1.0556586813297129
3.1045379885333695,3.0663592476659964,2.0453120805207963,1.058704538351176
3.139751873470109,3.0995717391872635,2.0120995889995292,1.061759183483
3.173392624225425,3.131209251985558,1.9804620762012348,1.0648226420812292
3.2055989457037146,3.161410641185114,1.9502606870016788,1.0678949395750656
3.236491490123596,3.1902967182500284,1.9213746099367643,1.0709761014670822
3.2661773632385316,3.2179746587170026,1.89369666946979,1.0740661533334335
3.2947523325457606,3.244540209556277,1.8671311186305157,1.0771651208240676
3.322300726631658,3.2700777170549085,1.8415936111318842,1.0802730296629401
3.3488961303071214,3.294660889272121,1.8170104389146715,1.0833899056482268
3.374604263056735,3.318355570222037,1.7933157579647556,1.0865157746525385
3.3994855066912475,3.3412221592736273,1.7704491689131654,1.0896506626231344
3.4235947464042855,3.3633155269349224,1.7483558012518703,1.0927945955821399
3.446980225392071,3.384684020541476,1.7269873076453166,1.0959475996267598
3.4696840323880576,3.405369972863056,1.7063013553237365,1.0991097009294972
3.491744256339752,3.4254117273365967,1.686259600850196,1.1022809257383697
3.5131969314895883,3.4448454508029354,1.6668258773838573,1.105461300377127
3.5340765901942337,3.463705660584825,1.6479656676019676,1.1086508512454705
3.554416047218865,3.482025047067138,1.6296462811196548,1.111849604819271
3.574246460259902,3.4998345491567218,1.611836779030071,1.11505758765079
3.593596958126094,3.517163044164059,1.5945082840227336,1.118274826368899
3.612493197114249,3.5340360764033054,1.5776352517834873,1.121501347679301
3.6309567036406154,3.550475297096277,1.5611960310905157,1.124737178364752
3.6490061724422453,3.5664996566725584,1.5451716715142343,1.1279823452852833
3.666659106012496,3.582126891719536,1.5295444364672566,1.1312368753784248
3.683932518753487,3.5973741654973104,1.5142971626894823,1.1345007956594282
3.7008429583006617,3.612258094786629,1.4994132334001637,1.1377741332214915
3.7174063467973486,3.6267946160095104,1.4848767121772823,1.1410569152359837
3.73363783858966,3.6409988668605173,1.4706724613262754,1.1443491689526706
3.7495517308679496,3.654885115804774,1.4567862123820188,1.1476509216999407
3.7651614320090943,3.668466743063318,1.4432045851234747,1.1509622008850322
3.780479477209946,3.681756263260425,1.4299150649263677,1.154283033994261
3.795517567531352,3.694765368291911,1.4169059598948817,1.1576134485932472
3.8102866146031413,3.707504974635036,1.4041663535517568,1.1609534723271464
3.8247967931116467,3.7199852767948194,1.3916860513919733,1.1643031329208768
3.8390576128873786,3.7322158169503385,1.3794555112364542,1.167662458179351
3.8530780122237704,3.7442055719524507,1.367465756234342,1.171031475987706
3.8668664575612848,3.755963044657882,1.3557082835289105,1.1744102143115351
3.880431028507852,3.767496341538539,1.3441749866482535,1.1777987011971192
3.8937794736193894,3.77881322433527,1.3328581038515228,1.181196964771661
3.9069192335738734,3.7899211332923883,1.3217501948944044,1.1846050332435167
3.9198574382511318,3.8008271879445825,1.3108441402422102,1.188022934902432
3.93260089105636,3.8115381770975674,1.3001331510892253,1.1914506981197759
3.9451560559559766,3.8220605512298906,1.289610776956902,1.1948883513487762
3.9575290579261235,3.8324004262922173,1.2792709018945754,1.198335923124756
3.969725697432274,3.8425635992549,1.2691077289318926,1.2017934420653698
3.9817514710440705,3.8525555686144717,1.259115759572321,1.2052609368708427
3.9936115898265765,3.8623815527932557,1.249289775393537,1.2087384363242069
4.005310993973099,3.8720465051679867,1.239624823018806,1.2122259692915414
4.0168543688057134,3.8815551300225124,1.2301161981642803,1.215723564722212
4.02824616743653,3.8909119037942457,1.220759424392547,1.2192312516491106
4.0394906400124775,3.90012110148081,1.2115502267059828,1.2227490591888972
4.050591864587988,3.9091868240572882,1.2024845041295045,1.2262770165422405
4.061553774347132,3.9181130225589715,1.1935583056278212,1.2298151529940615
4.07238017892467,3.926903517040545,1.1847678111462479,1.233363497913776
4.083074780209836,3.9355620108084413,1.1761093173783514,1.236922080755538
4.093641183021656,3.944092100319171,1.1675792278676216,1.2404909310584848
4.104082899119012,3.952497279557626,1.1591740486291666,1.244070078446982
4.1144033417813795,3.960780936725431,1.1508903914613615,1.2476595526308698
4.124605810113891,3.9689463426532203,1.1427249855335724,1.2512593834057084
4.134693467243249,3.976996634407495,1.1346746937792975,1.2548696006530267
4.144669321303821,3.9849348013182855,1.1267365268685072,1.2584902343405697
4.15453621826024,3.992763680656548,1.1189076475302446,1.2621213145225474
4.164296850015743,4.000485965591864,1.111185362594929,1.2657628713398839
4.173953773392599,4.008104221739398,1.1035671064473949,1.2694149350204684
4.183509430798624,4.015620904861313,1.0960504233254795,1.273077535879405
4.192966164801357,4.023038373521462,1.0886329546653304,1.2767507043192659
4.202326225086294,4.030358895544985,1.0813124326418073,1.2804344708303415
4.211591772575661,4.037584652135232,1.0740866760515608,1.284128865990896
4.220764887119538,4.044717744739382,1.066953583447411,1.2878339204674198
4.229847581293146,4.05176020663691,1.0599111215498827,1.291549665014884
4.238841816795809,4.058714016462005,1.0529573117247875,1.295276130476996
4.2477495160846,4.0655811078839275,1.0460902203028652,1.2990133477864558
4.256572562712895,4.072363370394077,1.0393079577927153,1.3027613479652125
4.265312789378992,4.07906264051905,1.032608687667743,1.3065201621247213
4.273971959981376,4.085680688444786,1.025990639742007,1.3102898214662029
4.282551755846303,4.092219207965757,1.019452120221036,1.3140703572809014
4.291053773474054,4.098679815391197,1.0129915127955957,1.3178618009503449
4.2994795340958,4.105064057533468,1.0066072706533244,1.3216641839466052
4.307830499809446,4.111373424658758,1.0002979035280344,1.3254775378325594
4.316108090234588,4.117609363700044,0.9940619644867486,1.3293018942621524
4.324313696126151,4.1237732890058965,0.9878980391808962,1.3331372849806586
4.33244868923088,4.12986659010631,0.9818047380804824,1.3369837418249466
4.340514429199443,4.1358906371492345,0.9757806910375582,1.3408412967237422
4.348512268594099,4.141846784828601,0.9698245433581913,1.3447099816978945
4.356443556616339,4.147736375301644,0.9639349528851486,1.3485898288606413
4.364309641637803,4.153560740180842,0.9581105880059511,1.3524808704178755
4.372111872161211,4.159321201343877,0.9523501268429158,1.3563831386684124
4.379851595508557,4.165019070063918,0.9466522581228745,1.3602966660042588
4.387530153360149,4.170655643840979,0.941015684345814,1.3642214849108802
4.395148873338771,4.176232200375832,0.9354391278109606,1.3681576279674719
4.40270905627697,4.181749988459638,0.9299213397271551,1.3721051278472285
4.410211959691823,4.187210216202743,0.9244611119840496,1.3760640173176157
4.417658779200433,4.1926140378995544,0.9190572902872383,1.3800343292406418
4.425050630751215,4.197962541636338,0.9137087865504547,1.3840160965731316
4.432388537064238,4.20325674009295,0.9084145880938426,1.388009352366998
4.4396734211386075,4.208497566564224,0.9031737616225683,1.392014129769518
4.446906108126095,4.213685877069556,0.8979854511172363,1.396030462023608
4.454087334858825,4.218822457955268,0.8928488702315249,1.4000583824680974
4.461217764666058,4.223908037213647,0.8877632909731457,1.4040979245380092
4.4682980044007135,4.228943297256659,0.8827280309301333,1.4081491217648334
4.475328620881687,4.233928887121607,0.8777424410651857,1.4122120077768083
4.482310154875641,4.238865432774171,0.8728058954126219,1.4162866162991987
4.489243131799903,4.24375354494992,0.867917783236873,1.4203729811545756
4.496128069171464,4.248593824585527,0.8630775036012661,1.4244711362630968
4.502965481326536,4.253386866244526,0.8582844619422669,1.4285811156427892
4.509755882126319,4.25813326007224,0.8535380681145526,1.432702953409831
4.516499786354405,4.262833592798442,0.8488377353883507,1.4368366837788338
4.523197710403338,4.267488448222078,0.8441828799647144,1.4409823410631286
4.52985017271242,4.272098407510326,0.839572920676467,1.4451399596750487
4.536457694290453,4.276664049549041,0.835007278637752,1.4493095741262165
4.543020799542875,4.281185951498692,0.8304853766881006,1.4534912190278297
4.549540017516197,4.285664689633805,0.8260066385529878,1.4576849290909484
4.556015883564001,4.290100840468675,0.8215704877181178,1.461890739126783
4.5624489413342,4.294494982100945,0.8171763460858479,1.4661086840469844
4.568839744912543,4.298847695661822,0.8128236325249709,1.4703387988639325
4.57518886100395,4.30315956679544,0.8085117613913528,1.4745811186910267
4.581496871256958,4.307431187239574,0.8042401409472184,1.478835678742979
4.587764375178878,4.311663156801657,0.8000081713851355,1.4831025143361045
4.593991994275967,4.315856086128379,0.7958152420584135,1.4873816608886152
4.6001803777756844,4.320010600456664,0.7916607277301289,1.491673153920915
4.6063302097277425,4.324127344153709,0.7875439840330838,1.4959770290558922
4.61244221725044,4.3282069858672365,0.7834643423195562,1.5002933220192183
4.618517180721176,4.332250224845707,0.779421103341086,1.5046220686396414
4.624555948187249,4.336257799985049,0.775413528201744,1.5089633048492863
4.630559457176965,4.340230503709034,0.7714408244777591,1.5133170666839506
4.6365287672473094,4.3441692028084375,0.7675021253783552,1.5176833902834053
4.642465106254113,4.348074868061813,0.7635964601249796,1.5220623118916945
4.648369931367927,4.351948613142413,0.7597227150443793,1.5264538678574353
4.6542449983016265,4.355791738397119,0.7558795897896733,1.530858094634121
4.660092412340278,4.359605762248679,0.7520655659381141,1.5352750287804227
4.665914600559928,4.363392401076066,0.7482789271107269,1.5397047069604928
4.6717141226807435,4.36715344485007,0.744517883336723,1.5441471659442698
4.677493297338415,4.370890514870091,0.740780813316702,1.5486024426077833
4.683253781385702,4.374604793649066,0.7370665345377265,1.55307057393346
4.68899633776819,4.37829687875473,0.7333744494320626,1.5575515970104308
4.694720896818705,4.381966826813665,0.7297045013731278,1.5620455490348386
4.700426807563012,4.385614319581476,0.7260570086053164,1.566552467310147
4.706113121062074,4.389238849402158,0.7224324787846346,1.5710723892474505
4.7117788168420365,4.392839866439601,0.7188314617471914,1.575605352365784
4.717422949894329,4.39641687337954,0.715254454807253,1.580151394292435
4.723044726762355,4.399969473607168,0.7117018545796245,1.5847105527632563
4.7286435305327785,4.403497386154363,0.7081739420324293,1.589282865622978
4.734218915580161,4.40700044119272,0.704670886994073,1.5938683708255226
4.739770587940134,4.410478566455936,0.7011927617308569,1.5984671064343199
4.745298380764195,4.41393177072271,0.6977395574640823,1.6030791106226225
4.750802229534157,4.417360127364013,0.6943112008227796,1.6077044216738237
4.756282149176119,4.420763759302542,0.690907568884251,1.6123430779817738
4.7617382141181945,4.424142826016128,0.6875285021706645,1.6169951180511004
4.7671705418053385,4.427497512871234,0.6841738153155585,1.6216605804975266
4.772579279777819,4.430828022813698,0.6808433053730951,1.6263395040481923
4.777964596061665,4.434134570222103,0.67753675796469,1.6310319275419758
4.783326672366812,4.437417376576839,0.6742539516099537,1.6357378899298156
4.788665699478967,4.440676667537835,0.6709946606489581,1.6404574302750343
4.793981874248187,4.443912671041563,0.6677586571452299,1.6451905877536626
4.7992753976710905,4.447125616093224,0.6645457120935685,1.649937401654764
4.804546473685793,4.450315732010129,0.661355596176664,1.6546979113807625
4.80979530841455,4.453483247947725,0.6581880802390678,1.6594721564477675
4.815022109683385,4.456628392599777,0.6550429355870158,1.6642601764859035
4.820227086718335,4.45975139400881,0.6519199341779824,1.6690620112396386
4.825410449968974,4.462852479454806,0.6488188487319864,1.6738777005681136
4.830572411048649,4.465931875414025,0.6457394527727676,1.6787072844454745
4.835713182814583,4.468989807599959,0.6426815205868337,1.6835508029612023
4.8408329796424745,4.4720265011175115,0.6396448270692812,1.688408296320448
4.845932017977431,4.475042180777336,0.6366291474094563,1.6932798048443647
4.8510105172518205,4.478037071622952,0.6336342565638411,1.6981653689704423
4.85606870122241,4.481011399701618,0.6306599284851746,1.7030650292528444
4.861106799655264,4.483965393038005,0.6277059351487875,1.7079788263627436
4.8661250500557,4.486899282635031,0.6247720455517616,1.7129068010886603
4.871123698857545,4.48981330316054,0.6218580250262526,1.7178489943368
4.876103001333378,4.492707692887805,0.6189636352989876,1.722805447131394
4.881063219727501,4.495582692596557,0.616088635590236,1.7277762006150392
4.886004619862142,4.498438543577203,0.6132327846095897,1.7327612960490402
4.890927467449474,4.50127548545297,0.6103958427338227,1.737760774813751
4.895832025984946,4.504093754904886,0.6075775732819064,1.742774678408919
4.900718558057257,4.506893586349136,0.6047777418376565,1.7478030484540303
4.9055873315452185,4.509675215378719,0.6019961128080737,1.7528459266886531
4.910438632447876,4.512438885893388,0.5992324422934043,1.7579033549727865
4.91527278824678,4.515184862984279,0.5964864652025135,1.7629753752872057
4.920090211397785,4.517913456668143,0.5937578715186493,1.7680620297338128
4.924891484518959,4.520625067695557,0.5910462604912361,1.7731633605359842
4.929677526886428,4.52332027439838,0.5883510537884131,1.7782794100389228
4.958283305294124,4.539267366378068,0.5724039618087247,1.809571541243321
4.986328577197272,4.554631609017795,0.5570397191689977,1.84141431565361
5.013863151862399,4.569455205548518,0.5422161226382745,1.8738174228603839
5.040941049996778,4.583780759151331,0.5278905690354616,1.906790722960592
5.067637565380409,4.597660103667291,0.5140112245195017,1.940344249557915
5.094015290678868,4.611136604554302,0.5005347236324909,1.974488212815937
5.120113823428753,4.624239936778956,0.48743139140783676,2.0092330025650473
5.145984873119767,4.637004446196325,0.47466688199046736,2.04458919146401
5.171684310739661,4.649465008968566,0.4622063192182271,2.0805675382171707
5.197268663577189,4.661655240855973,0.45001608733081966,2.1171789908482723
5.222795666783348,4.673607787597593,0.4380635405891997,2.154434690031884
5.248324473023567,4.685354436427717,0.4263168917590754,2.192345972483447
5.273915139205116,4.696925888258175,0.4147454399286179,2.230924374408983
5.299733645398378,4.708397843520215,0.40327348466657753,2.2701816350154966
5.326058410289421,4.719892913454888,0.39177841473190433,2.3101297000831598
5.352644769184242,4.731301400636104,0.38036992755068866,2.3507807256003463
5.379594357928065,4.742665846720747,0.3690054814660453,2.392147081462638
5.406937900173797,4.753997020635966,0.35767430755082685,2.43424135523692
5.434719045371539,4.765310435062151,0.3463608931246416,2.4770763559917106
5.462978971776164,4.77661979830043,0.33505152988636233,2.520665118194895
5.491751508365062,4.787935176322675,0.32373615186411797,2.5650209056800453
5.521061624700163,4.799262634820215,0.31240869336657795,2.610157215682537
5.5509241021022335,4.810603992197052,0.30106733598974067,2.6560877829466865
5.581342265770674,4.821956628079448,0.28971470010734457,2.7028265839051633
5.612306839913668,4.833313365829019,0.27835796235777366,2.7503878409319453
5.643795000752796,4.844662449649448,0.2670088785373448,2.798786026670114
5.675769708980081,4.855987636348138,0.25568369183865514,2.848035868435802
5.708179404330708,4.867268419207825,0.24440290897896766,2.8981523526996416
5.740958138361051,4.878480396364651,0.23319093182214168,2.949150729647068
5.774026205791222,4.889595788473789,0.22207553971300342,3.0010465178188737
5.807291309416096,4.9005841005607245,0.21108722762606824,3.0538555088334154
5.840650259591133,4.9114129115507055,0.20025841663608723,3.107593772191927
5.873991169302264,4.922048763223826,0.18962256496296703,3.1622776601683795
5.907196064024546,4.932458109747365,0.17921321843942728,3.217923812785397
5.940143787196004,4.942608281055923,0.1690630471308694,3.2745491628777286
5.972713057940084,4.952468411135628,0.1592029170511644,3.332170941244818
6.005912360998246,4.9623443257483135,0.14932700243847918,3.3908066818940528
6.039237151251245,4.972087393597029,0.13958393458976381,3.450474227376265
6.071788073171616,4.981439686290543,0.13023164189625014,3.511191734215131
6.103471276703178,4.990385303719519,0.12128602446727399,3.572977678432105
6.134204710661823,4.998912743914101,0.11275858427269192,3.6358508611685774
6.163919148093562,5.00701491433283,0.10465641385396296,3.699830414406964
6.192558725904066,5.014688999859915,0.09698232832687737,3.7649358067924674
6.220080963144357,5.021936192513026,0.08973513567376656,3.831186849557288
6.2464563282850625,5.028761315537915,0.08291001264887754,3.8986037025490727
6.2716674471027805,5.035172376924756,0.0764989512620371,3.9672068803654588
6.2957080487152925,5.041180085320425,0.07049124286636754,4.0370172585965545
6.318581744163017,5.046797357050343,0.06487397113644988,4.108056080177275
6.340300722143897,5.052038837432743,0.05963249075404953,4.180344961851454
6.360884432644432,5.056920453608569,0.054750874578223474,4.253905900749711
6.380358313614494,5.061459010382087,0.050212317804705364,4.328761281083058
6.398752600374315,5.065671835516882,0.045999492669910325,4.404933880954304
6.416101243410385,5.069576476798348,0.04209485138844471,4.48244687928931
6.432440948356731,5.073190450028498,0.038480878158294374,4.561323862890215
6.44781034255921,5.076531034912309,0.03514029327448398,4.641588833612779
6.462249265644743,5.07961511440517,0.03205621378162249,4.723266215670025
6.475798176717611,5.08245905236312,0.029212275823672584,4.806380863064391
6.488497667830181,5.0850786041112865,0.02659272407550617,4.890958067150687
6.50038807184206,5.087488854675627,0.02418247351116598,4.977023564332112
6.5115091523251944,5.089704179783869,0.021967148402923797,5.064603543891709
6.521899863472844,5.091738225236426,0.019933102950366433,5.153724655961635
6.531598168764197,5.093603900802574,0.01806742738421896,5.244414019632647
6.540640908217584,5.0953133853604395,0.016357942826353167,5.3366992312063095
6.5490637052794165,5.096878140536141,0.014793187650651518,5.430608372592401
6.556900905633971,5.09830893058823,0.013362397598562836,5.52617001985409
6.564185541406692,5.099615846716828,0.01205548146996449,5.623413251903491
6.5709493153251834,5.100808334350139,0.010862993836653345,5.722367659350217
6.577222600372478,5.101895222274594,0.009776105912198574,5.823063353505655
6.583034451306998,5.1028847527341,0.008786575452692347,5.925530975545677
6.588412625133815,5.103784611833683,0.007886716353109335,6.029801705834593
6.59338360820085,5.1046019597505214,0.007069368436271262,6.1359072734131725
6.597972648073991,5.1053434603876315,0.006327867799161169,6.243879965653625
6.602203788732019,5.106015310207956,0.005656017978836303,6.353752638084486
6.606099907930708,5.1066232660664586,0.005048062120334151,6.465558724388369
6.609682755830617,5.107172671918368,0.004498656268424384,6.579332246575681
6.612972994178654,5.107668484328574,0.0040028438582186965,6.695107825337327
6.6159902354900675,5.108115296742552,0.0035560314442406593,6.812920690579613
6.618753081805368,5.10851736250658,0.0031539656802124227,6.932806692144525
6.6212791627021925,5.1088786166459155,0.002792711540877235,7.054802310718643
6.623585172330854,5.1092026964253705,0.002468631761422202,7.178944668934031
6.625686905317774,5.1094929607289465,0.0021783674578461643,7.305271542664454
6.627599291445241,5.109752508304034,0.001918819882758882,7.433821372520388
6.629336429070449,5.109984194922053,0.001687133264740126,7.564633275546289
6.6309116172921,5.110190649511495,0.0014806786752981083,7.6977470571237125
6.632337386909775,5.110374289321454,0.0012970388653386067,7.833203223083882
6.633625530249428,5.110537334174589,0.0011339940122034875,7.971042992033404
6.634787129948839,5.1106818198674535,0.000989508319339194,8.11130830789687
6.635832586809733,5.110809610774366,0.000861717412426799,8.254041852680185
6.63677164682926,5.11092241170836,0.0007489164784324487,8.399287059458466
6.637613427523423,5.1110217790892865,0.0006495490975062523,8.547088125592515
6.638366443649837,5.1111091314653425,0.0005621967214501922,8.697490026177835
6.639038632427796,5.111185759430446,0.0004855687563463107,8.850538527730324
6.639637378340687,5.111252834975586,0.00041849321120679406,9.006280202112785
6.640169537590927,5.111311420308507,0.0003599078782858811,9.164762440706506
6.640641462260817,5.111362476172149,0.00030885201464414536,9.326033468832199
6.6410590242156715,5.111406869688764,0.00026445849802847476,9.490142360424729
6.64142763876813,5.111445381753526,0.00022594643326634412,9.657139052966048
6.641752288106266,5.111478713998578,0.00019261418821514553,9.827074362680914
6.642037544472525,5.11150749534611,0.00016383284068233195,10.0
