complexity,accuracy,distortion,mse,eu_gamma,kl_eb,min_gnid,gnid_beta,sender_delta,receiver_delta,round,run,min_distance_to_curve,min_epsilon,min_beta
0.2742865555828437,0.0681199279324911,3.234965926544752,1669.859933294331,0.024879071108642,0.3565030587187606,0.9413854208001108,1.0007575757575755,42.34992573390104,42.58708557873502,1.0,1.0,0.1471359257641728,0.2058803571561156,1.0013131313131314
0.0846958248415745,0.0706646615607766,3.2447875002098017,1650.4372814834712,0.0271734223346487,0.0051505197689175,0.7992218747152887,1.0007070707070709,19.22861200402659,19.16994275697295,2.0,1.0,0.0208716158255582,0.01396651910227234,1.001010101010101
0.2159359794261046,0.1967842867311784,3.3345928501772493,1613.8575839000396,0.0317783641389829,0.0038704119866412,0.7047144957707386,1.000858585858586,32.424285131927995,31.536541771927332,3.0,1.0,0.021775207090779552,0.018939353178674984,1.0012121212121212
0.602829173179364,0.5657493611978701,3.6190073614780105,1494.8264675145049,0.0479647257219031,0.0061904631418642,0.6440418183407365,1.001111111111111,49.11443167361421,45.235304712319376,4.0,1.0,0.026237642726590016,0.0362325894339897,1.0023737373737374
1.477379359926637,1.405548746196969,4.436855220010947,1140.0299548943854,0.0992181366239557,0.0162271963830939,0.5348034983181409,1.003030303030303,53.98477163027275,46.79984900798502,5.0,1.0,0.04707965611301322,0.06616883887828286,1.0103030303030303
2.6022537847626808,2.48576269622399,6.371734786656862,616.4746113176504,0.1911487319743068,0.0324591092990641,0.1761155464133751,1.0231818181818182,37.79788414155723,34.776140216176394,6.0,1.0,0.058625426583593265,0.08076400258819824,1.0567336683417086
3.3386849569661425,3.1830716117562012,10.065569782206992,248.20371670686427,0.2721284102487197,0.0364549449005364,0.026395726976648,1.114070351758794,21.085928416961607,20.98074159665127,7.0,1.0,0.042814320915933304,0.05240388646020027,1.1633165829145728
3.668163772124608,3.484483932758351,16.121362511425854,86.19606826153785,0.3154906745307023,0.0397128773219688,0.0053268602115952,1.2407035175879395,11.34479440060516,13.15403818192116,8.0,1.0,0.019135883531284335,0.023239465062008538,1.2618090452261308
3.809571344879256,3.6068491734053545,23.574886864261273,30.4829003416316,0.3363009907984281,0.0410534414547428,0.003299053412217,1.3180904522613066,6.616656150020654,8.23246060867887,9.0,1.0,0.01153336380716624,0.0102646170762815,1.3251256281407036
3.881188896928771,3.665853834548903,29.168052690529375,12.577594795655305,0.3473275818788769,0.0409050106036283,0.0025443500242794,1.3603015075376883,4.365259523724058,4.665754872888164,10.0,1.0,0.009267303122127563,0.004694857542926829,1.3603015075376885
3.9194392293186215,3.6960562406058823,32.90760435979693,7.870859183242322,0.3532071278262898,0.0405656487185141,0.0017911846487239,1.3814070351758794,3.195408979236003,2.682568365206646,11.0,1.0,0.007149990290679435,0.0024584413598646633,1.3814070351758794
3.940174409919626,3.711851442614559,34.65411436520786,6.998036174087044,0.3564372104581258,0.0403757023481223,0.0014981453611345,1.3884422110552763,2.4680648895208024,1.8401569630647283,12.0,1.0,0.0015973325478776399,0.0016441802791859758,1.3884422110552763
3.9520961112164503,3.7207785199212697,35.67362760645493,6.86287356691445,0.3583268778653324,0.040263355625411,0.0011644521671988,1.3954773869346735,1.9625839735486568,1.481263165568177,13.0,1.0,0.001059980529580654,0.0012775560336436209,1.3954773869346735
3.959311175549212,3.726159026058267,36.24118376856356,6.812106371854102,0.3594827556228981,0.040173842204428,0.001045986199305,1.4025125628140704,1.5962629201782277,1.1015203749247904,14.0,1.0,0.006110040230904965,0.0010607990240547969,1.4025125628140704
3.963831721249093,3.729529878425783,36.43178264460325,6.781838859907788,0.3602127861464064,0.0400915573008863,0.0007922546744615,1.4025125628140704,1.327716876912308,0.8178357180438938,15.0,1.0,0.0008495248025702851,0.0009131232752291398,1.4025125628140704
3.9667707289996184,3.731724542096769,36.44275463963791,6.762908527415533,0.3606911849333253,0.0400135541273,0.0011243245772172,1.4025125628140704,1.1368044442424758,0.6982620366888499,16.0,1.0,0.003322896827588946,0.0008139900318834573,1.4025125628140704
3.9687686477868502,3.733220344234775,36.45025157756471,6.750315328796992,0.3610185853666999,0.0399393078403968,0.0013420770562843,1.4025125628140704,0.9960338013970268,0.6232818788058294,17.0,1.0,0.005782977890107172,0.0007427161585108305,1.4025125628140704
3.9701955946091054,3.734292212258587,36.45567324627541,6.741467115381523,0.3612534474624586,0.0398686060227169,0.0011441786992114,1.4095477386934674,0.8891412288634722,0.567035603803206,18.0,1.0,0.007459457492278217,0.0006868473170720566,1.4095477386934674
3.971267444320178,3.7351001647889426,36.45996748012385,6.734913599476405,0.3614301499754259,0.039801301239389,0.0009817151423977,1.4095477386934674,0.8058795368524261,0.5215594315044242,19.0,1.0,0.006118954787943709,0.0006393157938589525,1.4095477386934674
3.9721116939782295,3.7357386057568274,36.46349681655425,6.729812428346546,0.3615691992742678,0.0397372994652812,0.0008533288789135,1.4095477386934674,0.7398126524807195,0.4843107496643146,20.0,1.0,0.00506240895512911,0.0005998255637720673,1.4095477386934674
3.9728047674532,3.7362640968633247,36.466458949453326,6.72566611387395,0.3616830290326472,0.0396765449947695,0.0007476879128237,1.4095477386934674,0.6865999182428953,0.4543184758155496,21.0,1.0,0.004194867290833321,0.0005660336427261663,1.4095477386934674
3.9733933047276224,3.736711165578189,36.468973906558595,6.722175031766125,0.3617793219743918,0.039618996410977,0.000657901545649,1.4095477386934674,0.6429051279416552,0.4294994782255608,22.0,1.0,0.003458486725893406,0.0005365011760255308,1.4095477386934674
3.973906383943475,3.737101362547932,36.47112091411878,6.719154441568557,0.3618629281901807,0.0395646063492716,0.0005796764116611,1.4095477386934674,0.6058998098936392,0.4085406546775095,23.0,1.0,0.0028173647701758967,0.0005103069298290761,1.4095477386934674
3.974362593485159,3.7374484938158634,36.47295703949459,6.71648722813017,0.3619369842626824,0.0395133097655665,0.0005102591272255,1.4095477386934674,0.5739777145546646,0.3904526207128631,24.0,1.0,0.002248842328222301,0.00048683234209399395,1.4095477386934674
3.974774163244449,3.737761672795571,36.474526558643895,6.714096718275771,0.3620035737485029,0.0394650198771425,0.0004478242449397,1.4095477386934674,0.545155815851889,0.3741829418690628,25.0,1.0,0.0017386104639000256,0.0004656404643425151,1.4095477386934674
3.975149404321757,3.738047120217301,36.47586569280253,6.711930870437675,0.3620641219481478,0.0394196292327025,0.0003911160983343,1.4095477386934674,0.5192179697973962,0.3589294175129658,26.0,1.0,0.0012783581796343498,0.000446406855034374,1.4095477386934674
3.9754941672092983,3.738309238705787,36.47700506369301,6.7099529649617855,0.3621196350719595,0.0393770135117643,0.0003392366201576,1.4095477386934674,0.4956940335367408,0.3446359564756437,27.0,1.0,0.0008663170093449018,0.0004288795060163481,1.4095477386934674
3.975812724794902,3.738551262910905,36.477971034244646,6.708136046745057,0.362170847205115,0.039337036340465,0.0002915178880515,1.4095477386934674,0.4741646305675171,0.3312609573912658,28.0,1.0,0.0005172999917139176,0.0004128551566388216,1.4095477386934674
3.976108314632621,3.738775658557305,36.47878650601151,6.706459557047211,0.3622183119529248,0.0392995540852659,0.0002832548302936,1.4095477386934674,0.454545324063682,0.3185859511724602,29.0,1.0,0.0003254713482219789,0.0003981649566055699,1.4095477386934674
3.97638347700992,3.738984371224687,36.479471448939734,6.704907257324865,0.3622624604597197,0.0392644200868599,0.0003049491576769,1.4095477386934674,0.4361409101428438,0.3065852823166213,30.0,1.0,0.00045057508613476906,0.00038466552659469387,1.4095477386934674
3.976640269131263,3.739178984078297,36.480043294546455,6.703465925120231,0.3623036387135266,0.0392314881199279,0.0003251866864286,1.4095477386934674,0.4189175561973741,0.2952153186882671,31.0,1.0,0.0007132839966765807,0.00037223317974845296,1.4095477386934674
3.9768804031863176,3.73936081971612,36.48051725388419,6.702124517478218,0.3623421319181313,0.0392006150520811,0.0003441160403954,1.4095477386934674,0.4030964247892109,0.2844491650989642,32.0,1.0,0.0009911951288328587,0.0003607600266166526,1.4095477386934674
3.97710533703731,3.739531007254943,36.480906588698154,6.700873621558875,0.3623781806822786,0.0391716627720587,0.0003618589539035,1.4095477386934674,0.3882074926158254,0.2742971639923779,33.0,1.0,0.0012612045197796745,0.0003501512270007327,1.4095477386934674
3.97731633501461,3.7396905274918577,36.48122284897671,6.699705084408622,0.3624119919626199,0.0391444994980231,0.0003785176691599,1.4095477386934674,0.3741030550768671,0.2647087789982998,34.0,1.0,0.0015184220386241626,0.00034032295972070384,1.4095477386934674
3.9775145095929183,3.7398402440367633,36.48147608331854,6.698611756376064,0.3624437465992105,0.0391190005856955,0.0003941799150404,1.4095477386934674,0.3607636781434818,0.2556778475389202,35.0,1.0,0.001761926781749224,0.0003312008571804491,1.4095477386934674
3.9777008506629503,3.739980925331224,36.481675025663804,6.697587307938415,0.3624736046092982,0.0390950489484461,0.0004089223113996,1.4095477386934674,0.3482221863559061,0.2473313749973565,36.0,1.0,0.001991943301528334,0.0003227187532234932,1.4095477386934674
3.977876246634489,3.740113260651327,36.48182726079281,6.696626094901347,0.3625017089872932,0.0390725351865289,0.0004228127363458,1.4095477386934674,0.3364156949574881,0.2396333484533475,37.0,1.0,0.002209074177435497,0.0003148176517876781,1.4095477386934674
3.97804150007458,3.7402378720706775,36.481939370574125,6.695723056174193,0.3625281884962568,0.0390513575056299,0.0004359120027714,1.4095477386934674,0.3253448739094974,0.2323685023526091,38.0,1.0,0.0024140426109928604,0.00030744485838430426,1.4095477386934674
3.9781973396271497,3.740355323659859,36.48201706278847,6.694873634004023,0.3625531597693176,0.0390314214885387,0.0004482750698058,1.4095477386934674,0.3148435167012873,0.2255647474320191,39.0,1.0,0.0026075939403939225,0.00030055323697946893,1.4095477386934674
3.9783444293554022,3.740466128757271,36.482065284274086,6.694073710086736,0.3625767289321455,0.0390126397692845,0.0004599519379221,1.4095477386934674,0.3050481393465006,0.2191230415942154,40.0,1.0,0.0027904551385811134,0.0002941005670975415,1.4095477386934674
3.978483376262156,3.7405707558647663,36.48208832005873,6.693319553197807,0.3625989928879469,0.0389949316469552,0.0004709883265472,1.4095477386934674,0.2958451289061194,0.2130117652999067,41.0,1.0,0.0029633179674049873,0.0002880489834672992,1.4095477386934674
3.97861473649429,3.7406696335402625,36.482089880045024,6.692607775402361,0.3626200403607755,0.0389782226666083,0.0004814262006084,1.4095477386934674,0.2873056177107691,0.2072974752737131,42.0,1.0,0.0031268325794371267,0.00028236448513550366,1.4095477386934674
3.978739020575107,3.740763154541233,36.482073174697355,6.691935294818183,0.3626399527627285,0.0389624441869775,0.0004913041909304,1.4095477386934674,0.2792417545376343,0.2019183422151863,43.0,1.0,0.0032816059877571113,0.00027701650406719705,1.4095477386934674
3.978856697901696,3.7408516793953392,36.48204098104799,6.691299303502991,0.3626588049304068,0.0389475329487657,0.000500657939167,1.4095477386934674,0.2715917378917726,0.1968661806073777,44.0,1.0,0.0034282028711862416,0.0002719775251524283,1.4095477386934674
3.9789682006729894,3.7409355395224,36.481995700204585,6.690697239434558,0.3626766657623759,0.0389334306528966,0.0005095203883589,1.4095477386934674,0.2642934264460286,0.1921823468323478,45.0,1.0,0.00356714749932545,0.0002672227509877527,1.4095477386934674
3.979073927366176,3.7410150399968702,36.481939407407765,6.6901267618217295,0.362693598780032,0.0389200835548824,0.0005179220335906,1.4095477386934674,0.2573408750527428,0.1877594069721924,46.0,1.0,0.0036989261684481642,0.00026272980572995835,1.4095477386934674
3.979174245845904,3.7410904620154177,36.48187389556039,6.689585729171792,0.3627096626277675,0.0389074420792005,0.0005258911428824,1.4095477386934674,0.2506756217586339,0.1835325756281112,47.0,1.0,0.0038239898328429702,0.0002584784733355307,1.4095477386934674
3.979269496167163,3.7411620651171216,36.48180071303422,6.689072179674293,0.3627249115237117,0.0388954604560448,0.0005334539551523,1.4095477386934674,0.2443708584468618,0.1795382801308362,48.0,1.0,0.003942756764047683,0.00025445046585822025,1.4095477386934674
3.979359993116109,3.7412300891912538,36.48172119645648,6.6885843135618135,0.3627393956689466,0.0388840963818446,0.0005406348599311,1.4095477386934674,0.2385225820789673,0.1757464535498611,49.0,1.0,0.004055615147223562,0.0002506292182511748,1.4095477386934674
3.9794460285202415,3.74129475629819,36.48163649909053,6.688120477185883,0.3627531616206023,0.0388733107043474,0.0005474565618699,1.4095477386934674,0.2330475127088712,0.1720858540719416,50.0,1.0,0.004162925563879327,0.0002469997064030198,1.4095477386934674
3.979527873350325,3.741356272322092,36.481547615350955,6.687679148607957,0.362766252632356,0.0388630671327247,0.0005539402318506,1.4095477386934674,0.2278521700038035,0.1685146367552787,51.0,1.0,0.004265023331922587,0.00024354828566247114,1.4095477386934674
3.97960577962945,3.741414828468706,36.48145540193354,6.687258924555168,0.3627787089644931,0.0388533319729333,0.0005601056457071,1.4095477386934674,0.2229372889958329,0.1649846696496962,52.0,1.0,0.004362220685409321,0.00024026254741167283,1.4095477386934674
3.979679982159732,3.7414706026179463,36.481360595992584,6.686858508629738,0.3627905681647374,0.0388440738883668,0.0005659713109075,1.4095477386934674,0.2182354433891803,0.1615585748014047,53.0,1.0,0.004454808782863264,0.0002371311914910448,1.4095477386934674
3.97975070007444,3.741523760538492,36.48126383075901,6.686476700690175,0.3628018653205146,0.0388352636855795,0.0005715545812478,1.4095477386934674,0.2137343385287095,0.1582113683572131,54.0,1.0,0.004543059537515578,0.00023414391275164371,1.4095477386934674
3.979818138221905,3.741574456970868,36.48116564895984,6.686112387341753,0.3628126332831307,0.0388268741245232,0.0005768717593833,1.4095477386934674,0.2094868609340874,0.1549060618697827,55.0,1.0,0.0046272272664698464,0.00023129129978923926,1.4095477386934674
3.9798824883880695,3.741622836584917,36.48106651436945,6.685764533483222,0.3628229028644899,0.0388188797522989,0.0005819381872083,1.4095477386934674,0.2054599197598052,0.1516848166770684,56.0,1.0,0.004707550159437735,0.00022856474480214116,1.4095477386934674
3.979943930365959,3.741669034819189,36.48096682179332,6.685432174857425,0.3628327030073848,0.0388112567589251,0.0005867683240969,1.4095477386934674,0.2015894044464514,0.1484952760180174,57.0,1.0,0.004784251572161142,0.00022595636293636597,1.4095477386934674
3.9800026328827993,3.741713178610661,36.48086690575344,6.685114411546898,0.3628420609309585,0.0388039828531197,0.0005913758135459,1.4095477386934674,0.197925740164429,0.1453452244644817,58.0,1.0,0.004857541153803934,0.00022345892031033516,1.4095477386934674
3.980058754397975,3.7417553870254032,36.48076704811066,6.684810402344327,0.3628510022535712,0.0387970371556507,0.0005957735389665,1.4095477386934674,0.1944403215678049,0.1422677863707185,59.0,1.0,0.00492761582203657,0.00022106576945414685,1.4095477386934674
3.980112443787757,3.741795771802087,36.48066748482172,6.684519359914709,0.3628595510958738,0.0387904001075141,0.0005999736697936,1.4095477386934674,0.1910817085967375,0.1392557000081987,60.0,1.0,0.0049946606033340925,0.00021877079158150894,1.4095477386934674
3.9801638409341145,3.741834437821442,36.48056841198973,6.684240546654468,0.3628677301673133,0.0387840533900666,0.0006039876993958,1.4095477386934674,0.1878331172045031,0.1362735097208305,61.0,1.0,0.005058849358422696,0.00021656834486541662,1.4095477386934674
3.980213077235909,3.741871483515333,36.480469991326146,6.68397327114492,0.3628755608394958,0.0387779798543298,0.0006078264764106,1.4095477386934674,0.1846867701446641,0.1333129857927988,62.0,1.0,0.005120345414371624,0.00021445321802287127,1.4095477386934674
3.980260276060324,3.741907001228517,36.48037235510317,6.683716885095087,0.3628830632097867,0.0387721634569418,0.0006115002312003,1.4095477386934674,0.1816236023943955,0.1304883948199202,63.0,1.0,0.005179302124434744,0.00021242058882615998,1.4095477386934674
3.980305553150812,3.741941077545196,36.48027561063998,6.683470780672513,0.3628902561582519,0.0387665892006423,0.0006150185990683,1.4095477386934674,0.1786410421249409,0.1277810892211069,64.0,1.0,0.00523586337513385,0.00021046598696792146,1.4095477386934674
3.980349017005621,3.7419737935906703,36.48017984433768,6.683234388129743,0.3628971574005901,0.0387612430776617,0.0006183906416485,1.4095477386934674,0.1757917729165285,0.1251463852562573,65.0,1.0,0.005290164057423189,0.00020858526094824103,1.4095477386934674
3.9803907692379106,3.7420052253163862,36.48008512525815,6.683007173647471,0.3629037835391291,0.0387561120148963,0.0006216248676452,1.4095477386934674,0.1730617437444752,0.1225560001624077,66.0,1.0,0.005342330515221425,0.00020677454851465425,1.4095477386934674
3.9804309049255857,3.742035443774339,36.479991508233674,6.682788637330887,0.3629101501133513,0.0387511838202157,0.0006247292537767,1.4095477386934674,0.1703998675739459,0.1200105445335429,67.0,1.0,0.005392480981031265,0.0002050302504452306,1.4095477386934674
3.980469512955711,3.7420645153847776,36.479899036496434,6.682578311312072,0.3629162716508283,0.038746447129637,0.0006277112664336,1.4095477386934674,0.1678022150223802,0.1175070468476532,68.0,1.0,0.005440726004590781,0.00020334900719017738,1.4095477386934674
3.980506676366101,3.742092502199221,36.479807743828786,6.682375757926471,0.3629221617189356,0.0387418913553987,0.000630577884355,1.4095477386934674,0.1652594198599522,0.1150728297815475,69.0,1.0,0.005487168877604983,0.00020172767819301188,1.4095477386934674
3.9805424726844034,3.742119462159412,36.47971765625328,6.682180567944703,0.3629278329773195,0.0387375066351466,0.0006333356222838,1.4095477386934674,0.1627699580108765,0.1128555708192714,70.0,1.0,0.005531906054988244,0.00020016332349968405,1.4095477386934674
3.98057697426362,3.742145449351643,36.47962879330114,6.681992358851218,0.3629332972308047,0.0387332837825519,0.0006359905554803,1.4095477386934674,0.1603338625735924,0.110671083046275,71.0,1.0,0.005575027571277454,0.00019865318746850556,1.4095477386934674
3.9806102486120576,3.7421705142554416,36.47954116891625,6.681810773169024,0.3629385654822609,0.038729214239698,0.0006385483447949,1.4095477386934674,0.1579608558078397,0.1085225554654186,72.0,1.0,0.0056166174498666595,0.00019719468416563903,1.4095477386934674
3.980642358715368,3.7421947039849783,36.479454792063734,6.681635476834278,0.3629436479848719,0.0387252900315509,0.0006410142619933,1.4095477386934674,0.1556439227496557,0.1064129329223158,73.0,1.0,0.005656754102110176,0.00019578538442881874,1.4095477386934674
3.980673363348206,3.7422180625218857,36.47936966711806,6.6814661576271694,0.362948554293256,0.0387215037227642,0.0006433932149499,1.4095477386934674,0.1533715487663345,0.104371013042102,74.0,1.0,0.005695510713429214,0.0001944230041516062,1.4095477386934674
3.980703317373319,3.7422406309379017,36.47928579410297,6.681302523666193,0.3629532933129327,0.038717848376997,0.0006456897724064,1.4095477386934674,0.1511423342073636,0.1023940774218804,75.0,1.0,0.005732955613660381,0.0001931053938303975,1.4095477386934674
3.980732272026364,3.742262447606473,36.47920316884777,6.681144301972353,0.3629578733477219,0.038714317518846,0.0006479081880151,1.4095477386934674,0.1489838674415308,0.100465321080844,76.0,1.0,0.005769152629692508,0.00019183052902383896,1.4095477386934674
3.9807602751850073,3.742283548402348,36.47912178311157,6.6809912371086035,0.3629623021447598,0.0387109050984191,0.0006500524234113,1.4095477386934674,0.1469106124530872,0.0985794168754057,77.0,1.0,0.005804161418605789,0.00019059650166920004,1.4095477386934674
3.980787371621661,3.742303966888736,36.479041624713304,6.680843089898132,0.3629665869369114,0.0387076054585232,0.00065212617016,1.4095477386934674,0.1448947386865785,0.0967382659209367,78.0,1.0,0.005838037780505166,0.00018940151222986905,1.4095477386934674
3.980813603239337,3.742323734491959,36.478962677691015,6.680699636223325,0.3629707344824616,0.0387044133043843,0.0006541328704403,1.4095477386934674,0.1429234353602869,0.0949425326545994,79.0,1.0,0.005870833950545788,0.00018824386236710562,1.4095477386934674
3.9808390092907953,3.742342880663557,36.47888492250217,6.680560665905665,0.3629747511020397,0.038701323675789,0.0006560757364252,1.4095477386934674,0.1409894477501629,0.0931903987047792,80.0,1.0,0.005902598870242066,0.0001871219483099613,1.4095477386934674
3.980863626581201,3.7423614330303145,36.47880833626675,6.68042598166529,0.3629786427128044,0.0386983319215102,0.0006579577683067,1.4095477386934674,0.139089448053213,0.0914808672836843,81.0,1.0,0.005933378438488292,0.0001860342546029546,1.4095477386934674
3.9808874896550392,3.7423794175325344,36.4787328930488,6.680295398157854,0.3629824148599649,0.0386954336758663,0.0006597817709852,1.4095477386934674,0.1372322316424598,0.0898153421794155,82.0,1.0,0.005963215743064193,0.000184979348439754,1.4095477386934674
3.980910630967976,3.742396858551297,36.47865856416738,6.680168741085403,0.3629860727457538,0.038692624837258,0.000661550369459,1.4095477386934674,0.1354214229597191,0.0881959654329174,83.0,1.0,0.005992151273600352,0.0001839558743270417,1.4095477386934674
3.9809330810445296,3.742413779025277,36.478585318526896,6.6800458463773875,0.3629896212559905,0.0386899015485271,0.0006632660229614,1.4095477386934674,0.1336415190722867,0.0866172151597048,84.0,1.0,0.006020223117025089,0.0001829625491321175,1.4095477386934674
3.9809548686225966,3.742430200557868,36.47851312295579,6.679926559437545,0.3629930649843924,0.0386872601789839,0.0006649310379425,1.4095477386934674,0.1318916099675582,0.0850783376037357,85.0,1.0,0.006047467136762047,0.0001819981574871489,1.4095477386934674
3.980976020785782,3.742446143515334,36.47844194254423,6.679810734452159,0.3629964082547946,0.03868469730796,0.0006665475799192,1.4095477386934674,0.1301710805825326,0.0835787385455321,86.0,1.0,0.006073917136867289,0.00018106154752171115,1.4095477386934674
3.980996563084448,3.7424616271166737,36.47837174097222,6.679698233755227,0.3629996551414453,0.0386822097097484,0.0006681176843151,1.4095477386934674,0.1284847333033675,0.0821172815345068,87.0,1.0,0.006099605012227963,0.00018015162687541397,1.4095477386934674
3.9810165196464777,3.7424766695159417,36.4783024808221,6.679588927246055,0.3630028094875329,0.0386797943398072,0.000669643266364,1.4095477386934674,0.1268269984130472,0.0806930625564659,88.0,1.0,0.0061245608860672155,0.0001792673589584788,1.4095477386934674
3.98103591327868,3.7424912878776304,36.47823412387053,6.67948269185507,0.3630058749221044,0.0386774483221077,0.0006711261301466,1.4095477386934674,0.1252036370886687,0.0793088391678179,89.0,1.0,0.006148813235850077,0.0001784077595094157,1.4095477386934674
3.9810547655595503,3.7425054984457145,36.47816663135701,6.6793794110537235,0.3630088548755135,0.0386751689375233,0.0006725679768221,1.4095477386934674,0.1236062242295008,0.0779649515890667,90.0,1.0,0.006172389008513072,0.00017757189336221391,1.4095477386934674
3.9810730969243378,3.7425193166070088,36.47809996422743,6.6792789744047125,0.3630117525935398,0.038672953613162,0.0006739704121669,1.4095477386934674,0.1220369892054868,0.0766616983819329,91.0,1.0,0.006195313726169926,0.00017675887143564812,1.4095477386934674
3.9810909267429704,3.742532756949268,36.47803408335195,6.679181277148992,0.3630145711503005,0.0386707999125538,0.0006753349534488,1.4095477386934674,0.1204948448721635,0.0753964941237587,92.0,1.0,0.006217611582980512,0.00017596784792138617,1.4095477386934674
3.981108273391648,3.7425458333145585,36.47796894971778,6.679086219826256,0.3630173134600685,0.0386687055266166,0.0006766630356959,1.4095477386934674,0.1189865293915258,0.0741656235529577,93.0,1.0,0.006239305534152354,0.000175198017699254,1.4095477386934674
3.981125154318516,3.7425585588483425,36.47790452459772,6.678993707925948,0.3630199822881026,0.0386666682653284,0.0006779560174733,1.4095477386934674,0.1175029568176302,0.0729673418678566,94.0,1.0,0.006260417377658016,0.000174448613850168,1.4095477386934674
3.98114158610422,3.742570946044657,36.47784076969595,6.678903651566017,0.3630225802605837,0.0386646860500403,0.0006792151861174,1.4095477386934674,0.1160420438723473,0.0718013246880849,95.0,1.0,0.006280967829541187,0.0001737189054327712,1.4095477386934674
3.981157584517529,3.7425830067877097,36.47777764727273,6.67881596519695,0.3630251098737403,0.0386627569063762,0.0006804417625854,1.4095477386934674,0.1146077857484078,0.0706710901420887,96.0,1.0,0.006300976593152843,0.00017300819535175126,1.4095477386934674
3.9811731645667017,3.7425947523903247,36.47771512024982,6.678730567328804,0.363027573502242,0.0386608789576651,0.0006816369058838,1.4095477386934674,0.1131976081056576,0.069574632422837,97.0,1.0,0.00632046242310346,0.00017231581835281166,1.4095477386934674
3.981188340546904,3.7426061936293618,36.47765315229851,6.678647380279204,0.3630299734069279,0.0386590504188587,0.0006828017171306,1.4095477386934674,0.1118106433271007,0.068509599334482,98.0,1.0,0.006339443184269383,0.00017164113924542996,1.4095477386934674
3.981203126084006,3.742617340778571,36.47759170791211,6.678566329940433,0.363032311741934,0.0386572695908956,0.0006839372433146,1.4095477386934674,0.1104467516366447,0.067474777373964,99.0,1.0,0.006357935906370049,0.00017098355111773935,1.4095477386934674
3.981217534175123,3.7426282036389065,36.477530752464546,6.678487345563944,0.3630345905612724,0.0386555348554711,0.0006850444807414,1.4095477386934674,0.109115646237663,0.0664666697701806,100.0,1.0,0.006375956834436986,0.00017034247378486844,1.4095477386934674
3.981231577226202,3.742638791566712,36.477470252256865,6.678410359560789,0.3630368118249135,0.0386538446701803,0.0006861243782256,1.4095477386934674,0.1078046687321513,0.0654850115001376,101.0,1.0,0.0063935214756537075,0.00016971735227036184,1.4095477386934674
3.981245267086843,3.742649113499807,36.477410174553,6.678335307316573,0.3630389774044156,0.0386521975640033,0.0006871778400352,1.4095477386934674,0.1065172818947333,0.0645304459717273,102.0,1.0,0.006410644642732662,0.000169107655423706,1.4095477386934674
3.9812586150826625,3.742659177981766,36.47735048760632,6.67826212701973,0.3630410890881425,0.0386505921331051,0.0006882057286049,1.4095477386934674,0.1052575219766871,0.0635983897982318,103.0,1.0,0.00642734049425886,0.00016851287459834606,1.4095477386934674
3.981271632045374,3.7426689931844574,36.477291160678085,6.678190759501952,0.3630431485861023,0.0386490270369235,0.000689208867067,1.4095477386934674,0.1040185381352699,0.0626875325361092,104.0,1.0,0.006443622572165195,0.00016793252245824637,1.4095477386934674
3.981284328340763,3.7426785669290337,36.477232164049,6.678121148089817,0.3630451575344447,0.0386475009945247,0.0006901880415779,1.4095477386934674,0.1027991918208891,0.0617973236717449,105.0,1.0,0.006459503836609871,0.00016736613182981934,1.4095477386934674
3.9812967138947624,3.742687906705504,36.477173469024855,6.678053238466651,0.36304711749964,0.0386460127812032,0.000691144003495,1.4095477386934674,0.1016012029824835,0.0609270591943164,106.0,1.0,0.006474996698485432,0.00016681325463198865,1.4095477386934674
3.9813087982177624,3.742697019690976,36.47711504793708,6.677986978543814,0.3630490299823707,0.0386445612253096,0.0006920774713915,1.4095477386934674,0.1004211873032079,0.0600761066049503,107.0,1.0,0.00649011304972895,0.00016627346087808573,1.4095477386934674
3.9813205904272824,3.742705912766656,36.477056874138995,6.677922318340661,0.3630508964211579,0.0386431452052865,0.0006929891329284,1.4095477386934674,0.0992612765942587,0.059245935201218,108.0,1.0,0.0065048642915810405,0.00016574633776344198,1.4095477386934674
3.981332099269153,3.742714592533771,36.47699892199843,6.6778592098724765,0.363052718195742,0.0386417636468994,0.0006938796465921,1.4095477386934674,0.098121785792682,0.0584359781622262,109.0,1.0,0.006519261361012623,0.00016523148876684338,1.4095477386934674
3.981343333137346,3.7427230653284376,36.476941166887336,6.6777976070457745,0.3630544966302401,0.0386404155206465,0.0006947496433298,1.4095477386934674,0.0970015415787768,0.057644077623679,110.0,1.0,0.0065333147554440104,0.0001647285328540642,1.4095477386934674
3.981354300092466,3.742731337235559,36.476883585168785,6.677737465560395,0.3630562329960959,0.0386390998393344,0.0006955997280679,1.4095477386934674,0.0958982383335936,0.056869490060459,111.0,1.0,0.006547034555814079,0.00016423710369652318,1.4095477386934674
3.981365007879111,3.7427394141018535,36.47682615418194,6.6776787428178634,0.3630579285148382,0.038637815655809,0.0006964304811122,1.4095477386934674,0.0948187399327618,0.0561119715420505,112.0,1.0,0.006560430448229566,0.00016375684896114296,1.4095477386934674
3.9813754639421433,3.7427473015480857,36.476768852225256,6.677621397835567,0.363059584360663,0.0386365620608294,0.0006972424594879,1.4095477386934674,0.0937624142706692,0.0553715271534317,113.0,1.0,0.006573511744267662,0.00016328742962163346,1.4095477386934674
3.981385675441887,3.7427550049804825,36.47671165853824,6.677565391166297,0.3630612016628518,0.0386353381810741,0.0006980361981666,1.4095477386934674,0.0927206442683228,0.0546467083895417,114.0,1.0,0.006586287399933912,0.0001628285193245952,1.4095477386934674
3.9813956492684657,3.742762529601496,36.4766545532822,6.677510684822776,0.3630627815080396,0.0386341431772726,0.0006988122112255,1.4095477386934674,0.0916927230443963,0.0539370179718376,115.0,1.0,0.006598766033545546,0.00016237980379847072,1.4095477386934674
3.9814053920552226,3.7427698804198712,36.47659751752002,6.677457242206794,0.363064324942341,0.03863297624245,0.00069957099293,1.4095477386934674,0.0906784665813618,0.0532426354904175,116.0,1.0,0.0066109559424659126,0.0001619409803059738,1.4095477386934674
3.981414910191303,3.7427770622601497,36.476540533195234,6.6774050280426405,0.3630658329733469,0.0386318366002815,0.0007003130187493,1.4095477386934674,0.0896796683195131,0.0525621491663474,117.0,1.0,0.006622865118831727,0.00016151175706816356,1.4095477386934674
3.981424209833536,3.7427840797715497,36.4764835831107,6.677354008314507,0.363067306572001,0.0386307235035447,0.0007010387463155,1.4095477386934674,0.0886983042794048,0.0518968686234531,118.0,1.0,0.006634501264352721,0.0001610918528139116,1.4095477386934674
3.981433296917604,3.7427909374363737,36.476426650906824,6.677304150207609,0.3630687466743622,0.0386296362326661,0.0007017486163054,1.4095477386934674,0.0877313986388992,0.051246585819248,119.0,1.0,0.006645871804255258,0.00016068099629502785,1.4095477386934674
3.981442177168482,3.74279763957788,36.47636972103959,6.67725542205274,0.3630701541832641,0.0386285740943544,0.0007024430532848,1.4095477386934674,0.08678318431212,0.0506112835484417,120.0,1.0,0.0066569839003261565,0.00016027892582155007,1.4095477386934674
3.9814508561103863,3.7428041903677354,36.4763127787585,6.677207793274031,0.3630715299698754,0.0386275364203148,0.0007031224665033,1.4095477386934674,0.0858531255566573,0.0499890346566444,121.0,1.0,0.006667844463312759,0.0001598853888682365,1.4095477386934674
3.9814593390760553,3.742810593833005,36.47625581008442,6.677161234339719,0.3630728748751711,0.0386265225660393,0.0007037872506266,1.4095477386934674,0.084937841169633,0.0493793477295053,122.0,1.0,0.0066784601645145745,0.00015950014166656585,1.4095477386934674
3.9814676312155424,3.742816853862765,36.4761988017875,6.677115716715692,0.3630741897113172,0.0386255319096682,0.0007044377864362,1.4095477386934674,0.0840345956068023,0.0487813883533443,123.0,1.0,0.006688837446758614,0.00015912294883328393,1.4095477386934674
3.9814757375044945,3.7428229742143326,36.476141741365254,6.677071212821634,0.3630754752629784,0.0386245638509163,0.0007050744414888,1.4095477386934674,0.0831431464476158,0.0481945869980625,124.0,1.0,0.006698982534736414,0.00015875358301092256,1.4095477386934674
3.981483662751973,3.7428289585191337,36.47608461702076,6.677027695989605,0.3630767322885503,0.0386236178100627,0.0007056975707326,1.4095477386934674,0.0822636155581568,0.0476185943958665,125.0,1.0,0.0067089014447584815,0.000158391824549276,1.4095477386934674
3.981491411607855,3.742834810288283,36.476027417641056,6.6769851404249065,0.3630779615213231,0.038622693226998,0.0007063075170838,1.4095477386934674,0.0814033700225582,0.0470531196040318,126.0,1.0,0.006718599994001748,0.0001580374611771106,1.4095477386934674
3.9814989885697543,3.7428405329178105,36.475970132775835,6.676943521169042,0.3630791636705812,0.0386217895603252,0.0007069046119859,1.4095477386934674,0.0805541638551143,0.0464981248403163,127.0,1.0,0.006728083809162754,0.00015769028768490144,1.4095477386934674
3.9815063979896816,3.742846129693661,36.47591275261642,6.676902814064695,0.3630803394226422,0.0386209062865115,0.0007074891759211,1.4095477386934674,0.0797159298899348,0.0459555716936963,128.0,1.0,0.006737358334765687,0.00015735010565136193,1.4095477386934674
3.981513644080248,3.742851603796335,36.47585526797505,6.676862995722554,0.3630814894418386,0.0386200428990886,0.0007080615188995,1.4095477386934674,0.078888595884844,0.0454229328012947,129.0,1.0,0.006746428840894106,0.00015701672320053432,1.4095477386934674
3.981520730920568,3.7428569583053832,36.47579767026441,6.676824043489881,0.363082614371448,0.038619198907896,0.0007086219409252,1.4095477386934674,0.078072269820705,0.0448997245065785,130.0,1.0,0.006755300430591162,0.00015668995470027912,1.4095477386934674
3.9815276624618416,3.7428621962035873,36.475739951477706,6.676785935420719,0.3630837148345726,0.0386183738383673,0.00070917073242,1.4095477386934674,0.0772672788097463,0.0443857074017788,131.0,1.0,0.006763978046819809,0.00015636962053732376,1.4095477386934674
3.9815344425326593,3.742867320380949,36.475682104168904,6.676748650247637,0.3630847914349722,0.038617567230855,0.0007097081746568,1.4095477386934674,0.076472657982599,0.0438807389730386,132.0,1.0,0.006772466479084242,0.00015605554689294136,1.4095477386934674
3.981541074844012,3.7428723336384913,36.475624121433455,6.676712167354898,0.3630858447578541,0.0386167786399926,0.0007102345401261,1.4095477386934674,0.0756882003343236,0.0433845518172651,133.0,1.0,0.006780770369705717,0.00015574756549752055,1.4095477386934674
3.9815475629940273,3.7428772386918094,36.47556599688944,6.676676466752995,0.3630868753706217,0.0386160076340902,0.0007107500929149,1.4095477386934674,0.0749139182988428,0.0428969731923933,134.0,1.0,0.006788894219728619,0.00015544551343775007,1.4095477386934674
3.981553910472515,3.742882038174491,36.47550772465894,6.6766415290544545,0.3630878838235846,0.0386152537945637,0.0007112550890675,1.4095477386934674,0.0741496612681053,0.0424178568976428,135.0,1.0,0.006796842394596521,0.00015514923296348817,1.4095477386934674
3.98156012066522,3.7428867346413472,36.475449299350025,6.676607335450819,0.3630888706506324,0.038614516715393,0.0007117497768883,1.4095477386934674,0.0733964483726719,0.0419468363136222,136.0,1.0,0.006804619129481944,0.0001548585712703727,1.4095477386934674
3.9815661968578926,3.742891330571476,36.47539071603899,6.676573867690775,0.3630898363698751,0.0386137960026103,0.000712234397286,1.4095477386934674,0.0726528246328393,0.0414837188052055,137.0,1.0,0.006812228534368793,0.00015457338032779944,1.4095477386934674
3.981572142240146,3.7428958283711538,36.475331970253016,6.676541108059309,0.3630907814842509,0.0386130912738137,0.0007127091840462,1.4095477386934674,0.0719191765807113,0.0410283182136587,138.0,1.0,0.0068196745988640395,0.0001542935167235986,1.4095477386934674
3.9815779599091634,3.7429002303766534,36.47527305795331,6.6765090393578905,0.3630917064821038,0.0386124021577067,0.0007131743641283,1.4095477386934674,0.0711952359169715,0.0405804545748999,139.0,1.0,0.006826961196843192,0.00015401884147090412,1.4095477386934674
3.981583652873111,3.742904538856834,36.47521397551855,6.676477644885558,0.3630926118377341,0.0386117282936617,0.0007136301579298,1.4095477386934674,0.0704812371767521,0.0401399538516327,140.0,1.0,0.006834092090725655,0.0001537492198487346,1.4095477386934674
3.981589224054538,3.742908756015668,36.47515471972882,6.676446908420919,0.3630934980119208,0.0386110693313048,0.0007140767795255,1.4095477386934674,0.0697763131000779,0.0397066476787145,141.0,1.0,0.006841070935703354,0.00015348452127849038,1.4095477386934674
3.981594676293506,3.74291288399464,36.47509528774986,6.676416814204957,0.3630943654524194,0.038610424930123,0.000714514436936,1.4095477386934674,0.0690803437005758,0.0392803731210812,142.0,1.0,0.006847901283672138,0.00015322461914972667,1.4095477386934674
3.981600012350576,3.7429169248750007,36.4750356771178,6.676387346924642,0.3630952145944367,0.0386097947590891,0.0007149433323305,1.4095477386934674,0.0683932157166096,0.0388614560986985,143.0,1.0,0.0068545865869688635,0.00015296939068562361,1.4095477386934674
3.9816052349097255,3.742920880679952,36.474975885724206,6.67635849169727,0.3630960458610826,0.0386091784963072,0.0007153636622634,1.4095477386934674,0.0677149397259866,0.0384494464229231,144.0,1.0,0.0068611302020074065,0.00015271871682452466,1.4095477386934674
3.981610346581036,3.742924753376697,36.47491591180162,6.676330234055518,0.3630968596638004,0.0386085758286746,0.0007157756178693,1.4095477386934674,0.0670479414331566,0.0380440133289697,145.0,1.0,0.006867535392651325,0.00015247248207910562,1.4095477386934674
3.981615349903324,3.742928544878433,36.47485575390933,6.67630255993314,0.3630976564027788,0.03860798645156,0.0007161793850685,1.4095477386934674,0.0663897927296244,0.0376463510418805,146.0,1.0,0.00687380533350712,0.00015223057440783103,1.4095477386934674
3.981625041314633,3.7429358916908257,36.4747348820048,6.676248907905508,0.3630992002363318,0.0386068463908967,0.0007169630729446,1.4095477386934674,0.0651004532349269,0.0368771563613061,148.0,1.0,0.006885951736561161,0.0001517593087194557,1.4095477386934674
3.9816297341467983,3.742939450574326,36.47467416662331,6.6762229037530965,0.3630999480784512,0.0386062951377623,0.0007173433410213,1.4095477386934674,0.0644689304504019,0.0365038032171231,149.0,1.0,0.006891834128990916,0.00015152974286902743,1.4095477386934674
3.981634328120693,3.7429429354118806,36.474613264507994,6.676197430601227,0.3631006803526205,0.038605756035432,0.0007177161158182,1.4095477386934674,0.0638474058047017,0.0361368565743062,150.0,1.0,0.006897593137678899,0.0001513040882203558,1.4095477386934674
3.981638825453958,3.742946347873236,36.474552175653365,6.676172476195419,0.3631013974082975,0.0386052288173233,0.0007180815598135,1.4095477386934674,0.0632361834417756,0.0357766060133148,151.0,1.0,0.006903231534924915,0.00015108224832601318,1.4095477386934674
3.981643228306348,3.742949689584236,36.47449090030379,6.67614802860854,0.3631020995857918,0.0386047132236927,0.0007184398312739,1.4095477386934674,0.0626326331217902,0.0354218063654029,152.0,1.0,0.0069087520205034685,0.0001508641295740935,1.4095477386934674
3.98164753878161,3.74295296212828,36.474429438941925,6.676124076230244,0.3631027872165644,0.0386042090014061,0.0007187910843958,1.4095477386934674,0.062036664615187,0.035072365985712,153.0,1.0,0.006914157224034796,0.00015064964106344914,1.4095477386934674
3.9816517589292815,3.742956167047677,36.4743677922775,6.676100607756848,0.3631034606235143,0.0386037159037191,0.0007191354694323,1.4095477386934674,0.0614481870124652,0.0347282171004049,154.0,1.0,0.00691944970723212,0.00015043869452429647,1.4095477386934674
3.981655890746469,3.742959305844968,36.47430596123642,6.676077612181612,0.3631041201212538,0.0386032336900674,0.0007194731328385,1.4095477386934674,0.0608681343496539,0.0343892504399655,155.0,1.0,0.006924631966115242,0.00015023120425740964,1.4095477386934674
3.9816599361794935,3.7429623799842258,36.47424394695025,6.676055078785398,0.3631047660163715,0.0386027621258661,0.0007198042173808,1.4095477386934674,0.0602993463513437,0.0340558803796047,156.0,1.0,0.006929706433099454,0.0001500270870027413,1.4095477386934674
3.981663897125486,3.7429653908922127,36.474181750745984,6.676032997127708,0.3631053986076852,0.0386023009823184,0.0007201288622629,1.4095477386934674,0.0597376660568103,0.0337274049333242,157.0,1.0,0.006934675478964924,0.0001498262619123278,1.4095477386934674
3.98166777543395,3.7429683399596136,36.47411937413611,6.676011357038057,0.3631060181864848,0.0386018500362314,0.0007204472032357,1.4095477386934674,0.059182983619341,0.033403728845743,158.0,1.0,0.006939541414840892,0.00014962865042678628,1.4095477386934674
3.981671572908183,3.7429712285420766,36.47405681880907,6.6759901486076965,0.3631066250367641,0.0386014090698407,0.0007207593727089,1.4095477386934674,0.0586359144537808,0.0330848050881345,159.0,1.0,0.006944306493966078,0.0001494341762438091,1.4095477386934674
3.981675291306779,3.742974057961364,36.47399408661995,6.675969362181628,0.3631072194354445,0.0386009778706421,0.0007210654998538,1.4095477386934674,0.0581003225809402,0.0327708450443364,160.0,1.0,0.006948972913574983,0.0001492427652296323,1.4095477386934674
3.981682497695545,3.7429795444339415,36.47386809985562,6.675929017945432,0.3631083719516149,0.0386001439491425,0.0007216601282523,1.4095477386934674,0.0570498933460701,0.0321569143564276,162.0,1.0,0.0069580182927935505,0.00014886884653582524,1.4095477386934674
3.981685988991021,3.7429822039702145,36.47380484974457,6.6759094420264695,0.3631089305894779,0.0385997408267138,0.000721948872536,1.4095477386934674,0.0565345124690974,0.0318569170831065,163.0,1.0,0.006962401381469466,0.00014868620081450284,1.4095477386934674
3.9816894078238896,3.742984809311144,36.47374143168326,6.675890251880167,0.3631094778168782,0.0385993466709307,0.0007222320607338,1.4095477386934674,0.0560254726537621,0.0315611649764307,164.0,1.0,0.006966694071807369,0.0001485063420267386,1.4095477386934674
3.981692755748286,3.742987361623575,36.47367784823125,6.6758714390107645,0.363110013878436,0.0385989612932961,0.0007225098072495,1.4095477386934674,0.0555227035311285,0.031269579689052,165.0,1.0,0.0069708983049337645,0.0001483292059054382,1.4095477386934674
3.981696034280976,3.742989862046078,36.47361410206517,6.675852995134265,0.3631105390128704,0.038598584509698,0.000722782223786,1.4095477386934674,0.0550263739624835,0.0309826802932554,166.0,1.0,0.0069750159751871925,0.0001481547299453113,1.4095477386934674
3.98169924490246,3.742992311689731,36.47355019597149,6.6758349121722915,0.3631110534531697,0.0385982161402822,0.0007230494194343,1.4095477386934674,0.0545371274236146,0.0307003656713194,167.0,1.0,0.006979048931468045,0.00014798285340602226,1.4095477386934674
3.981705468158614,3.7429970629521954,36.473421915653944,6.6757997976711785,0.3631120511556409,0.038597503945149,0.0007235685717882,1.4095477386934674,0.0535788727626416,0.0301473644146928,169.0,1.0,0.006986867878335109,0.00014764666393480235,1.4095477386934674
3.981708483582061,3.7429993666627777,36.47335754748982,6.675782750951089,0.3631125348565832,0.0385971597799441,0.0007238207342501,1.4095477386934674,0.0531086450417178,0.0298766618967157,170.0,1.0,0.0069906573510433246,0.00014748223772347333,1.4095477386934674
3.9817114366737414,3.7430016237795094,36.473293031504646,6.675766034772769,0.3631130087412309,0.0385968233497257,0.0007240680874783,1.4095477386934674,0.0526441489323939,0.0296123378406186,171.0,1.0,0.00699436907640187,0.00014732018425131325,1.4095477386934674
3.981714328747623,3.743003835287391,36.47322837093309,6.675749642001067,0.3631134730162664,0.0385964944941971,0.0007243107285554,1.4095477386934674,0.0521873212964632,0.0293529748249544,172.0,1.0,0.006998004694756108,0.0001471604507102002,1.4095477386934674
3.9817171610870794,3.743006002148317,36.47316356908103,6.675733565673827,0.363113927883542,0.0385961730566551,0.0007245487523596,1.4095477386934674,0.0517398324301335,0.0290987959664686,173.0,1.0,0.007001565808167467,0.00014700298569086953,1.4095477386934674
3.981722651548351,3.743010205664868,36.47303355508113,6.675702335340356,0.3631148101788682,0.0385955518261087,0.0007250113170015,1.4095477386934674,0.0508653605187513,0.0286017027823144,175.0,1.0,0.007008470743192408,0.0001466946626976557,1.4095477386934674
3.9817253120914184,3.743012244134192,36.47296834985126,6.6756871682322645,0.3631152379876468,0.0385952517368102,0.0007252360371101,1.4095477386934674,0.0504360586480061,0.0283584558934025,176.0,1.0,0.007011817586747298,0.00014654370877665695,1.4095477386934674
3.981727917744104,3.743014241585086,36.47290301716664,6.675672291356054,0.363115657150365,0.0385949584727326,0.0007254564986008,1.4095477386934674,0.0500127614252486,0.0281185071801327,177.0,1.0,0.0070150959711478425,0.00014639483144540248,1.4095477386934674
3.9817304696489,3.7430161988728727,36.472837560608745,6.675657698545445,0.3631160678466284,0.0385946718937518,0.0007256727861941,1.4095477386934674,0.0495947380919462,0.0278816881173447,178.0,1.0,0.007018307322064415,0.0001462479859202962,1.4095477386934674
3.98173541665558,3.7430199962828112,36.47270629039715,6.675629341183873,0.3631168645378289,0.0385941182458029,0.000726093169282,1.4095477386934674,0.0487734714793477,0.0274187252017763,180.0,1.0,0.007024534464423034,0.00014596021708479433,1.4095477386934674
3.9817378139153217,3.743021838019548,36.472640484091386,6.6756155650165905,0.3631172508719142,0.0385938509115724,0.0007262974250649,1.4095477386934674,0.0483702360578367,0.0271918724833568,181.0,1.0,0.007027552948092136,0.00014581921007547573,1.4095477386934674
3.981740161744172,3.743023642823326,36.472574568599896,6.675602049674743,0.3631176294180476,0.0385935897317639,0.0007264978276206,1.4095477386934674,0.047971867082329,0.0269681981353477,182.0,1.0,0.007030509784341676,0.00014568006740703685,1.4095477386934674
3.9817424611614207,3.743025411456406,36.472508547664205,6.675588789685694,0.3631180003363908,0.0385933345807894,0.000726694452792,1.4095477386934674,0.0475784372162777,0.0267475103256652,183.0,1.0,0.0070334062446573775,0.00014554274995117166,1.4095477386934674
3.981746918724978,3.7430288431739207,36.47237620452323,6.675563014511254,0.363118719912492,0.038592841876379,0.0007270766661841,1.4095477386934674,0.0468065617897967,0.0263149170145415,185.0,1.0,0.007039022981634183,0.00014527343938066745,1.4095477386934674
3.9817490787983623,3.743030507698681,36.472309889887455,6.6755504890063815,0.3631190688729862,0.0385926040849565,0.0007272623980463,1.4095477386934674,0.0464283125905211,0.0261028315299103,186.0,1.0,0.007041745661735885,0.00014514137310012255,1.4095477386934674
3.981751194315386,3.743032138934227,36.47224348493978,6.675538198208907,0.3631194108113382,0.0385923718462676,0.0007274446398879,1.4095477386934674,0.0460561201632922,0.0258935081012078,187.0,1.0,0.007044412774154612,0.00014501098563795805,1.4095477386934674
3.981755295304836,3.743035304245064,36.4721104193443,6.675514301383423,0.3631200741908692,0.038591923578342,0.0007277989242183,1.4095477386934674,0.0453253914659788,0.0254834221128192,189.0,1.0,0.007049584815512956,0.00014475511116676323,1.4095477386934674
3.981757282539947,3.74303683963668,36.47204376632086,6.675502685956065,0.3631203959088616,0.0385917073306162,0.0007279710984801,1.4095477386934674,0.0449677696208426,0.0252824942082063,190.0,1.0,0.007052091942252279,0.00014462955836355276,1.4095477386934674
3.98175922874505,3.7430383443724846,36.47197703822873,6.675491286431703,0.3631207111584944,0.0385914961985327,0.000728140046338,1.4095477386934674,0.0446144055184563,0.0250841557862699,191.0,1.0,0.007054547898142385,0.00014450555273963804,1.4095477386934674
3.981763001382996,3.743041264352861,36.47184337205773,6.675469117451458,0.363121322773587,0.0385910888690088,0.000728468511384,1.4095477386934674,0.0439197563677521,0.024694840282933,193.0,1.0,0.007059310433354639,0.0001442620606022753,1.4095477386934674
3.981764829429888,3.743042680801759,36.471776441569176,6.675458339424961,0.3631216193924337,0.0385908924707709,0.0007286281496011,1.4095477386934674,0.0435787670566718,0.024504919332132,194.0,1.0,0.007061619024605131,0.00014414251484753726,1.4095477386934674
3.981766619675747,3.7430440690041618,36.471709451188005,6.6754477601551665,0.3631219100498333,0.0385907007864799,0.0007287848035327,1.4095477386934674,0.043242269929818,0.0243194500710356,195.0,1.0,0.007063880469962763,0.0001440243977422562,1.4095477386934674
3.981770089804463,3.743046762936599,36.471575305795426,6.675427181788965,0.3631224739574491,0.0385903311805926,0.0007290893869758,1.4095477386934674,0.0425848202473932,0.023965517827814,197.0,1.0,0.007068265711826303,0.00014379233915339003,1.4095477386934674
3.981771771166729,3.743048069769607,36.471508158267255,6.675417174869501,0.3631227474398436,0.0385901530742867,0.00072923742777,1.4095477386934674,0.0422647776922591,0.0237952261522468,198.0,1.0,0.007070391351945838,0.00014367834425897715,1.4095477386934674
3.981773417687563,3.743049350562659,36.471440965809265,6.675407351056116,0.3631230154252707,0.038589979312419,0.000729382706887,1.4095477386934674,0.0419506405691455,0.0236273066848723,199.0,1.0,0.00707247353437993,0.0001435656711577094,1.4095477386934674
3.981775030067761,3.7430506058379938,36.471373732114415,6.675397706652543,0.3631232780236932,0.0385898098072994,0.0007295252771457,1.4095477386934674,0.0416401568927011,0.0234615351049666,200.0,1.0,0.007074513132316887,0.00014345429478672747,1.4095477386934674
