complexity,accuracy,distortion,mse,round,trial
7.247925e-05,7.05719e-05,6.6437855,1666.4987,0.0,1.0
7.05719e-05,7.1525574e-05,6.6437845,1666.4977,1.0,1.0
7.343292e-05,7.43866e-05,6.6437817,1666.4916,2.0,1.0
8.678436e-05,8.4877014e-05,6.643771,1666.4692,3.0,1.0
0.000118255615,0.000118255615,6.643738,1666.3943,4.0,1.0
0.00022506714,0.00022506714,6.643631,1666.154,5.0,1.0
0.0005493164,0.0005502701,6.643306,1665.4178,6.0,1.0
0.0014972687,0.0014972687,6.642359,1663.2522,7.0,1.0
0.0041713715,0.004170418,6.6396856,1657.1255,8.0,1.0
0.011439323,0.011440277,6.632416,1640.5343,9.0,1.0
0.030233383,0.030233383,6.6136227,1598.2616,10.0,1.0
0.0750103,0.0750103,6.5688457,1501.1562,11.0,1.0
0.16744328,0.16744232,6.4764137,1315.584,12.0,1.0
0.31917667,0.31917667,6.3246794,1049.5568,13.0,1.0
0.5066376,0.5066366,6.1372194,780.49585,14.0,1.0
0.68780327,0.68780327,5.956053,578.95386,15.0,1.0
0.8412428,0.84124184,5.802614,450.194,16.0,1.0
0.9678459,0.96784496,5.676011,369.14124,17.0,1.0
1.0750713,1.0750732,5.568783,314.6338,18.0,1.0
1.169179,1.169179,5.474677,274.86066,19.0,1.0
1.2540646,1.2540646,5.3897915,243.91338,20.0,1.0
1.3319492,1.3319502,5.311906,218.80489,21.0,1.0
1.4041176,1.4041176,5.2397385,197.90561,22.0,1.0
1.4713726,1.4713726,5.1724834,180.22456,23.0,1.0
1.5342913,1.5342913,5.109565,165.09329,24.0,1.0
1.5933294,1.5933294,5.0505266,152.02626,25.0,1.0
1.6488657,1.6488676,4.9949884,140.6549,26.0,1.0
1.70123,1.701231,4.942625,130.69241,27.0,1.0
1.7507,1.750701,4.893155,121.91199,28.0,1.0
1.7975302,1.7975292,4.846327,114.13219,29.0,1.0
1.8419333,1.8419323,4.8019238,107.206154,30.0,1.0
1.884099,1.8841,4.759756,101.01373,31.0,1.0
1.9242048,1.9242058,4.7196503,95.45569,32.0,1.0
1.9624004,1.9624014,4.6814547,90.44922,33.0,1.0
1.9988251,1.9988232,4.645033,85.9247,34.0,1.0
2.0336027,2.0336018,4.6102543,81.82303,35.0,1.0
2.0668507,2.0668497,4.5770063,78.09384,36.0,1.0
2.098672,2.0986738,4.545182,74.69383,37.0,1.0
2.1291656,2.1291656,4.5146904,71.585655,38.0,1.0
2.1584187,2.1584187,4.4854374,68.7369,39.0,1.0
2.186513,2.186514,4.457342,66.11934,40.0,1.0
2.2135258,2.2135258,4.4303303,63.708313,41.0,1.0
2.2395258,2.2395248,4.404331,61.48221,42.0,1.0
2.264577,2.264576,4.37928,59.422005,43.0,1.0
2.2887383,2.2887392,4.355117,57.51095,44.0,1.0
2.312068,2.312068,4.331788,55.734226,45.0,1.0
2.3346157,2.3346148,4.3092413,54.07874,46.0,1.0
2.3564272,2.3564272,4.287429,52.532856,47.0,1.0
2.3775482,2.3775482,4.266308,51.086254,48.0,1.0
2.3980217,2.3980217,4.2458344,49.72974,49.0,1.0
2.417881,2.417882,4.225974,48.455135,50.0,1.0
2.4371662,2.4371662,4.20669,47.255123,51.0,1.0
2.455906,2.455906,4.18795,46.123188,52.0,1.0
2.4741297,2.4741306,4.1697254,45.05347,53.0,1.0
2.4918709,2.4918709,4.151985,44.040745,54.0,1.0
2.5091524,2.5091534,4.1347027,43.080296,55.0,1.0
2.525999,2.525999,4.117857,42.167908,56.0,1.0
2.5424318,2.5424328,4.1014233,41.299763,57.0,1.0
2.5584764,2.5584774,4.0853786,40.47242,58.0,1.0
2.57415,2.57415,4.069706,39.682785,59.0,1.0
2.589468,2.589468,4.054388,38.92803,60.0,1.0
2.604454,2.604454,4.039402,38.205624,61.0,1.0
2.6191196,2.6191196,4.0247364,37.513233,62.0,1.0
2.633482,2.633482,4.010374,36.84877,63.0,1.0
2.6475525,2.6475515,3.9963045,36.210304,64.0,1.0
2.6613483,2.6613483,3.9825077,35.596092,65.0,1.0
2.6748781,2.6748781,3.968978,35.00453,66.0,1.0
2.688157,2.688158,3.955698,34.434155,67.0,1.0
2.7011948,2.7011948,3.9426613,33.883633,68.0,1.0
2.7140026,2.7140026,3.9298534,33.351727,69.0,1.0
2.7265882,2.7265882,3.9172678,32.837315,70.0,1.0
2.7389612,2.7389612,3.9048948,32.33936,71.0,1.0
2.751132,2.751132,3.892724,31.856907,72.0,1.0
2.7631063,2.7631063,3.8807497,31.389078,73.0,1.0
2.7748928,2.7748938,3.8689623,30.935068,74.0,1.0
2.786499,2.786501,3.857355,30.494122,75.0,1.0
2.7979336,2.7979336,3.8459225,30.06556,76.0,1.0
2.8092012,2.8092012,3.8346548,29.648743,77.0,1.0
2.8203068,2.8203068,3.8235493,29.243092,78.0,1.0
2.8312569,2.831256,3.8126001,28.848055,79.0,1.0
2.8420553,2.8420553,3.8018007,28.463125,80.0,1.0
2.8527117,2.8527117,3.7911444,28.08785,81.0,1.0
2.863226,2.863225,3.780631,27.721798,82.0,1.0
2.8736057,2.8736057,3.7702503,27.364561,83.0,1.0
2.883854,2.8838549,3.7600012,27.01578,84.0,1.0
2.8939743,2.8939753,3.7498808,26.675098,85.0,1.0
2.9039717,2.9039717,3.7398844,26.342201,86.0,1.0
2.9138498,2.9138489,3.7300072,26.016798,87.0,1.0
2.9236107,2.9236097,3.7202463,25.698608,88.0,1.0
2.933257,2.9332561,3.7106,25.387363,89.0,1.0
2.9427938,2.942793,3.7010632,25.082842,90.0,1.0
2.9522219,2.952221,3.6916351,24.784805,91.0,1.0
2.961545,2.961546,3.68231,24.49305,92.0,1.0
2.970766,2.970768,3.673088,24.207375,93.0,1.0
2.9798899,2.9798899,3.6639662,23.927591,94.0,1.0
2.9889126,2.9889126,3.6549435,23.653532,95.0,1.0
2.99784,2.9978418,3.6460142,23.385027,96.0,1.0
3.0066757,3.0066748,3.6371813,23.12193,97.0,1.0
3.015419,3.01542,3.628436,22.86408,98.0,1.0
3.0240717,3.0240717,3.6197844,22.611355,99.0,1.0
3.0326357,3.0326347,3.6112213,22.363607,100.0,1.0
3.0411139,3.0411139,3.6027422,22.12073,101.0,1.0
3.0495071,3.0495071,3.594349,21.88258,102.0,1.0
3.0578165,3.0578175,3.5860386,21.649061,103.0,1.0
3.0660448,3.0660439,3.5778122,21.420055,104.0,1.0
3.074193,3.074192,3.569664,21.195467,105.0,1.0
3.0822601,3.0822592,3.5615969,20.975185,106.0,1.0
3.09025,3.090249,3.553607,20.759113,107.0,1.0
3.0981636,3.0981627,3.5456934,20.547169,108.0,1.0
3.105999,3.106,3.537856,20.339245,109.0,1.0
3.1137629,3.113762,3.5300941,20.135265,110.0,1.0
3.1214514,3.1214504,3.5224056,19.935143,111.0,1.0
3.1290674,3.1290684,3.5147877,19.738792,112.0,1.0
3.1366138,3.1366138,3.5072422,19.546133,113.0,1.0
3.1440878,3.1440887,3.4997673,19.357088,114.0,1.0
3.151493,3.151494,3.492362,19.17158,115.0,1.0
3.1588316,3.1588306,3.4850254,18.989536,116.0,1.0
3.1660986,3.1660986,3.4777575,18.810886,117.0,1.0
3.1733007,3.1733007,3.4705553,18.635553,118.0,1.0
3.1804361,3.1804352,3.4634209,18.463472,119.0,1.0
3.1875076,3.1875076,3.4563484,18.294573,120.0,1.0
3.1945162,3.1945152,3.4493408,18.128788,121.0,1.0
3.201459,3.201458,3.442398,17.966059,122.0,1.0
3.2083378,3.2083378,3.4355183,17.806314,123.0,1.0
3.2151566,3.2151575,3.4286985,17.649496,124.0,1.0
3.2219143,3.2219143,3.4219418,17.495539,125.0,1.0
3.228612,3.228611,3.415245,17.344383,126.0,1.0
3.2352476,3.2352486,3.4086075,17.195976,127.0,1.0
3.241827,3.241827,3.402029,17.050257,128.0,1.0
3.2483463,3.2483463,3.3955097,16.907167,129.0,1.0
3.2548094,3.2548094,3.3890467,16.766651,130.0,1.0
3.2612133,3.2612133,3.3826427,16.628656,131.0,1.0
3.267562,3.2675629,3.3762932,16.493135,132.0,1.0
3.2738562,3.2738562,3.37,16.360023,133.0,1.0
3.280095,3.280095,3.363761,16.22928,134.0,1.0
3.2862797,3.2862797,3.3575764,16.10085,135.0,1.0
3.29241,3.29241,3.3514462,15.974687,136.0,1.0
3.2984877,3.2984877,3.3453684,15.85074,137.0,1.0
3.304514,3.304513,3.339343,15.728966,138.0,1.0
3.3104868,3.3104887,3.3333673,15.609319,139.0,1.0
3.316411,3.316411,3.327445,15.49175,140.0,1.0
3.3222818,3.3222828,3.3215733,15.376218,141.0,1.0
3.3281069,3.3281069,3.3157492,15.262681,142.0,1.0
3.3338795,3.3338795,3.3099766,15.1510935,143.0,1.0
3.3396034,3.3396034,3.3042526,15.041419,144.0,1.0
3.3452797,3.3452797,3.2985764,14.933613,145.0,1.0
3.3509083,3.3509083,3.2929478,14.827639,146.0,1.0
3.356491,3.356491,3.287365,14.723456,147.0,1.0
3.3620272,3.3620262,3.2818298,14.621032,148.0,1.0
3.3675175,3.3675156,3.2763405,14.520324,149.0,1.0
3.372961,3.372961,3.270895,14.421299,150.0,1.0
3.3783607,3.3783607,3.2654953,14.323923,151.0,1.0
3.3837166,3.3837166,3.2601395,14.22816,152.0,1.0
3.3890276,3.3890266,3.2548294,14.133977,153.0,1.0
3.3942947,3.3942957,3.2495604,14.041344,154.0,1.0
3.3995209,3.3995209,3.2443352,13.950222,155.0,1.0
3.4047031,3.404704,3.239152,13.860586,156.0,1.0
3.4098444,3.4098454,3.2340107,13.772405,157.0,1.0
3.4149456,3.4149446,3.2289114,13.685649,158.0,1.0
3.4200058,3.4200058,3.2238503,13.600289,159.0,1.0
3.425024,3.425024,3.218832,13.516293,160.0,1.0
3.4300022,3.4300022,3.2138538,13.4336405,161.0,1.0
3.4349432,3.4349422,3.2089138,13.352299,162.0,1.0
3.4398441,3.4398441,3.204012,13.2722435,163.0,1.0
3.444706,3.444706,3.19915,13.193447,164.0,1.0
3.4495296,3.4495296,3.1943264,13.115888,165.0,1.0
3.454317,3.454318,3.189538,13.039538,166.0,1.0
3.4590654,3.4590664,3.1847897,12.964374,167.0,1.0
3.4637785,3.4637785,3.1800776,12.890373,168.0,1.0
3.4684553,3.4684553,3.1754007,12.8175125,169.0,1.0
3.473095,3.473096,3.1707602,12.7457695,170.0,1.0
3.4776983,3.4776983,3.1661577,12.675121,171.0,1.0
3.4822683,3.4822674,3.1615887,12.605547,172.0,1.0
3.486805,3.486805,3.157051,12.537026,173.0,1.0
3.4913034,3.4913044,3.1525517,12.469539,174.0,1.0
3.4957705,3.4957695,3.1480865,12.403062,175.0,1.0
3.5002022,3.5002031,3.143653,12.33758,176.0,1.0
3.5046015,3.5046024,3.1392536,12.27307,177.0,1.0
3.5089674,3.5089684,3.1348877,12.2095175,178.0,1.0
3.5133018,3.5133018,3.1305542,12.146898,179.0,1.0
3.5176048,3.5176048,3.1262512,12.0852,180.0,1.0
3.5218735,3.5218744,3.1219816,12.024403,181.0,1.0
3.5261126,3.5261126,3.1177435,11.964489,182.0,1.0
3.5303202,3.5303211,3.113535,11.905442,183.0,1.0
3.5344963,3.5344963,3.1093597,11.847248,184.0,1.0
3.538643,3.538643,3.1052132,11.7898855,185.0,1.0
3.542759,3.542759,3.101097,11.733343,186.0,1.0
3.5468435,3.5468445,3.0970116,11.677607,187.0,1.0
3.5509014,3.5509014,3.0929546,11.622657,188.0,1.0
3.5549297,3.5549288,3.0889273,11.568481,189.0,1.0
3.5589285,3.5589285,3.0849276,11.515064,190.0,1.0
3.5628977,3.5628977,3.0809584,11.462393,191.0,1.0
3.5668402,3.5668402,3.0770159,11.410454,192.0,1.0
3.570754,3.570754,3.073102,11.359232,193.0,1.0
3.5746422,3.5746422,3.0692139,11.308715,194.0,1.0
3.5785007,3.5785007,3.0653553,11.25889,195.0,1.0
3.5823326,3.5823326,3.0615234,11.2097435,196.0,1.0
3.5861378,3.5861378,3.0577183,11.161263,197.0,1.0
3.5899181,3.5899172,3.0539389,11.113436,198.0,1.0
3.5936718,3.5936718,3.0501842,11.066254,199.0,1.0
0.007060051,0.0070610046,6.636795,1666.3296,0.0,2.0
0.007121086,0.007121086,6.636735,1666.221,1.0,2.0
0.0074710846,0.0074710846,6.636385,1665.5435,2.0,2.0
0.008646011,0.008646011,6.63521,1663.089,3.0,2.0
0.012413025,0.012413979,6.631442,1654.8604,4.0,2.0
0.0239954,0.023996353,6.6198597,1629.1539,5.0,2.0
0.05704689,0.057045937,6.58681,1556.8413,6.0,2.0
0.13866234,0.13866138,6.5051947,1388.852,7.0,2.0
0.29422855,0.2942276,6.3496284,1107.6185,8.0,2.0
0.50307274,0.5030718,6.1407843,800.83765,9.0,2.0
0.70813274,0.7081337,5.9357224,572.2318,10.0,2.0
0.87948227,0.87948227,5.764374,432.0739,11.0,2.0
1.0192728,1.01927,5.624586,346.66077,12.0,2.0
1.1370373,1.1370363,5.5068197,290.12003,13.0,2.0
1.2397203,1.2397203,5.4041357,249.38562,14.0,2.0
1.3312998,1.3313007,5.3125553,218.28203,15.0,2.0
1.4140482,1.4140491,5.229807,193.67188,16.0,2.0
1.4894257,1.4894257,5.1544304,173.7521,17.0,2.0
1.5584927,1.5584917,5.0853643,157.36018,18.0,2.0
1.6221056,1.6221037,5.0217524,143.68633,19.0,2.0
1.6809721,1.680973,4.962883,132.14095,20.0,2.0
1.7356987,1.7356987,4.9081573,122.28428,21.0,2.0
1.7867937,1.7867918,4.8570642,113.78316,22.0,2.0
1.8346882,1.8346882,4.809168,106.38223,23.0,2.0
1.8797512,1.8797512,4.764105,99.88367,24.0,2.0
1.9222994,1.9222994,4.7215567,94.13262,25.0,2.0
1.9625988,1.9626007,4.6812553,89.006775,26.0,2.0
2.0008793,2.0008802,4.642976,84.40852,27.0,2.0
2.037342,2.037341,4.606515,80.25932,28.0,2.0
2.072155,2.072156,4.5717,76.49537,29.0,2.0
2.1054678,2.1054678,4.5383883,73.06441,30.0,2.0
2.1374102,2.137411,4.506445,69.92333,31.0,2.0
2.1680965,2.1680956,4.4757605,67.03623,32.0,2.0
2.1976233,2.1976242,4.446232,64.37302,33.0,2.0
2.22608,2.226079,4.417777,61.908253,34.0,2.0
2.253543,2.253543,4.390313,59.620293,35.0,2.0
2.2800827,2.2800827,4.3637733,57.49062,36.0,2.0
2.3057613,2.3057613,4.3380947,55.50327,37.0,2.0
2.3306293,2.3306303,4.3132257,53.6444,38.0,2.0
2.354743,2.354743,4.289113,51.901974,39.0,2.0
2.3781414,2.3781414,4.2657146,50.265438,40.0,2.0
2.4008684,2.4008694,4.2429867,48.725506,41.0,2.0
2.4229603,2.4229593,4.2208967,47.274002,42.0,2.0
2.4444485,2.4444494,4.1994066,45.90364,43.0,2.0
2.4653673,2.4653673,4.1784887,44.60796,44.0,2.0
2.4857416,2.4857416,4.1581144,43.38119,45.0,2.0
2.5056,2.505602,4.138254,42.21817,46.0,2.0
2.5249662,2.5249653,4.118891,41.114216,47.0,2.0
2.5438595,2.5438585,4.0999975,40.065144,48.0,2.0
2.5623035,2.5623026,4.0815535,39.067142,49.0,2.0
2.5803156,2.5803146,4.0635414,38.116768,50.0,2.0
2.5979128,2.5979137,4.0459423,37.210873,51.0,2.0
2.6151133,2.6151133,4.028743,36.346592,52.0,2.0
2.6319323,2.6319323,4.011924,35.52129,53.0,2.0
2.648385,2.648384,3.995472,34.732563,54.0,2.0
2.664484,2.664484,3.979372,33.978207,55.0,2.0
2.6802435,2.6802435,3.9636126,33.25615,56.0,2.0
2.695674,2.695675,3.9481812,32.564526,57.0,2.0
2.7107878,2.7107878,3.9330683,31.901577,58.0,2.0
2.7255993,2.7255993,3.9182568,31.26569,59.0,2.0
2.7401133,2.7401133,3.9037428,30.655357,60.0,2.0
2.754344,2.754343,3.889513,30.06918,61.0,2.0
2.7682972,2.768299,3.875557,29.505861,62.0,2.0
2.7819853,2.7819872,3.8618689,28.964176,63.0,2.0
2.7954168,2.7954187,3.8484373,28.443,64.0,2.0
2.8085985,2.8085995,3.8352566,27.94127,65.0,2.0
2.8215408,2.8215408,3.8223152,27.457994,66.0,2.0
2.8342466,2.8342466,3.8096094,26.992243,67.0,2.0
2.8467264,2.8467274,3.7971287,26.543144,68.0,2.0
2.8589888,2.8589888,3.7848673,26.109879,69.0,2.0
2.8710365,2.8710384,3.7728176,25.691689,70.0,2.0
2.8828783,2.8828773,3.7609787,25.28784,71.0,2.0
2.8945189,2.8945198,3.7493362,24.89766,72.0,2.0
2.9059677,2.9059668,3.7378893,24.520504,73.0,2.0
2.917225,2.917225,3.7266312,24.155773,74.0,2.0
2.9283018,2.9283009,3.7155552,23.802896,75.0,2.0
2.9391994,2.9391994,3.7046566,23.461334,76.0,2.0
2.9499226,2.9499235,3.6939325,23.130585,77.0,2.0
2.9604797,2.9604797,3.6833763,22.810154,78.0,2.0
2.9708729,2.9708729,3.6729832,22.499605,79.0,2.0
2.9811077,2.9811087,3.6627474,22.198498,80.0,2.0
2.9911861,2.991187,3.652669,21.906424,81.0,2.0
3.0011177,3.0011177,3.6427383,21.623001,82.0,2.0
3.0109015,3.0109015,3.6329546,21.347858,83.0,2.0
3.020543,3.0205421,3.623314,21.080656,84.0,2.0
3.0300455,3.0300446,3.6138115,20.82105,85.0,2.0
3.0394135,3.0394125,3.6044436,20.568733,86.0,2.0
3.0486498,3.0486507,3.5952053,20.323416,87.0,2.0
3.0577593,3.0577583,3.5860977,20.0848,88.0,2.0
3.0667439,3.0667439,3.5771122,19.85262,89.0,2.0
3.0756083,3.0756083,3.5682478,19.626617,90.0,2.0
3.0843525,3.0843525,3.5595036,19.40655,91.0,2.0
3.0929823,3.0929813,3.5508747,19.19218,92.0,2.0
3.1014996,3.1014996,3.5423565,18.983286,93.0,2.0
3.1099072,3.109908,3.533948,18.77966,94.0,2.0
3.118209,3.118209,3.5256472,18.581089,95.0,2.0
3.1264057,3.1264057,3.5174503,18.387394,96.0,2.0
3.1345024,3.1345015,3.5093546,18.198381,97.0,2.0
3.142498,3.142498,3.501358,18.013874,98.0,2.0
3.1503992,3.1503992,3.4934568,17.833706,99.0,2.0
3.1582031,3.1582031,3.485653,17.657724,100.0,2.0
3.1659174,3.1659184,3.4779377,17.485765,101.0,2.0
3.173541,3.173541,3.470315,17.317682,102.0,2.0
3.181077,3.181077,3.462779,17.15334,103.0,2.0
3.188527,3.188527,3.455329,16.992607,104.0,2.0
3.1958933,3.1958933,3.4479628,16.83535,105.0,2.0
3.2031775,3.2031803,3.4406757,16.681448,106.0,2.0
3.2103834,3.2103844,3.4334717,16.530785,107.0,2.0
3.2175102,3.2175112,3.4263449,16.383245,108.0,2.0
3.2245617,3.2245626,3.4192934,16.238731,109.0,2.0
3.2315378,3.2315378,3.4123182,16.09713,110.0,2.0
3.2384434,3.2384415,3.4054146,15.958347,111.0,2.0
3.2452745,3.2452745,3.3985815,15.822292,112.0,2.0
3.252037,3.252036,3.39182,15.688871,113.0,2.0
3.2587328,3.2587318,3.3851242,15.558,114.0,2.0
3.2653599,3.2653599,3.3784962,15.429594,115.0,2.0
3.271922,3.271923,3.371933,15.303577,116.0,2.0
3.2784204,3.2784224,3.3654337,15.179873,117.0,2.0
3.2848577,3.2848587,3.3589973,15.0584135,118.0,2.0
3.291235,3.291234,3.352622,14.939117,119.0,2.0
3.2975502,3.2975502,3.3463058,14.82193,120.0,2.0
3.3038082,3.3038082,3.3400478,14.706784,121.0,2.0
3.310007,3.310007,3.333849,14.593616,122.0,2.0
3.3161516,3.3161507,3.3277054,14.482369,123.0,2.0
3.322239,3.3222399,3.3216162,14.372988,124.0,2.0
3.3282728,3.3282728,3.3155832,14.265418,125.0,2.0
3.3342552,3.3342543,3.3096018,14.159607,126.0,2.0
3.3401842,3.3401842,3.3036718,14.055505,127.0,2.0
3.3460617,3.3460627,3.2977934,13.953065,128.0,2.0
3.3518906,3.3518906,3.2919655,13.852243,129.0,2.0
3.3576717,3.3576717,3.2861843,13.752995,130.0,2.0
3.3634024,3.3634024,3.2804537,13.655276,131.0,2.0
3.3690863,3.3690872,3.2747688,13.559048,132.0,2.0
3.3747244,3.3747234,3.2691326,13.46427,133.0,2.0
3.3803177,3.3803167,3.2635393,13.370911,134.0,2.0
3.3858643,3.3858643,3.2579918,13.278925,135.0,2.0
3.3913689,3.391368,3.2524881,13.188282,136.0,2.0
3.3968296,3.3968287,3.2470274,13.098954,137.0,2.0
3.4022465,3.4022465,3.2416096,13.010901,138.0,2.0
3.4076233,3.4076233,3.2362328,12.924096,139.0,2.0
3.41296,3.41296,3.230896,12.8385105,140.0,2.0
3.418254,3.418253,3.225603,12.754114,141.0,2.0
3.4235096,3.4235096,3.2203465,12.670881,142.0,2.0
3.4287262,3.4287262,3.2151299,12.588781,143.0,2.0
3.4339046,3.4339056,3.2099504,12.507795,144.0,2.0
3.439045,3.439044,3.204812,12.427895,145.0,2.0
3.444148,3.444148,3.199708,12.349053,146.0,2.0
3.449214,3.449214,3.194642,12.271253,147.0,2.0
3.4542446,3.4542446,3.1896114,12.194472,148.0,2.0
3.45924,3.45924,3.184616,12.118685,149.0,2.0
3.464199,3.4642,3.179656,12.043877,150.0,2.0
3.4691257,3.4691257,3.1747303,11.970021,151.0,2.0
3.4740171,3.474018,3.169838,11.897104,152.0,2.0
3.4788742,3.4788742,3.1649818,11.825106,153.0,2.0
3.483698,3.483698,3.1601582,11.754009,154.0,2.0
3.488492,3.488491,3.155365,11.683793,155.0,2.0
3.49325,3.4932508,3.1506052,11.614446,156.0,2.0
3.4979792,3.4979782,3.1458778,11.545949,157.0,2.0
3.502675,3.502676,3.14118,11.478286,158.0,2.0
3.5073433,3.5073414,3.1365147,11.411443,159.0,2.0
3.5119781,3.5119781,3.131878,11.345405,160.0,2.0
3.5165825,3.5165825,3.1272736,11.280157,161.0,2.0
3.5211573,3.5211573,3.1226988,11.215688,162.0,2.0
3.5257044,3.5257044,3.1181517,11.15198,163.0,2.0
3.530221,3.530222,3.113634,11.089025,164.0,2.0
3.53471,3.53471,3.109146,11.026807,165.0,2.0
3.5391693,3.5391693,3.1046867,10.965314,166.0,2.0
3.543602,3.543602,3.100254,10.904535,167.0,2.0
3.548007,3.548006,3.09585,10.844461,168.0,2.0
3.5523844,3.5523844,3.0914717,10.785075,169.0,2.0
3.5567331,3.5567331,3.087123,10.726371,170.0,2.0
3.5610561,3.5610561,3.0828,10.668336,171.0,2.0
3.5653534,3.5653543,3.0785017,10.61096,172.0,2.0
3.569625,3.569625,3.0742311,10.554233,173.0,2.0
3.5738678,3.5738678,3.0699883,10.498145,174.0,2.0
3.5780878,3.5780869,3.0657692,10.442685,175.0,2.0
3.582281,3.582281,3.061575,10.387849,176.0,2.0
3.5864496,3.5864496,3.0574064,10.333621,177.0,2.0
3.5905933,3.5905933,3.0532627,10.279997,178.0,2.0
3.5947132,3.5947132,3.0491428,10.226965,179.0,2.0
3.5988073,3.5988064,3.0450497,10.17452,180.0,2.0
3.6028776,3.6028786,3.0409775,10.122648,181.0,2.0
3.606927,3.606925,3.036931,10.071348,182.0,2.0
3.6109476,3.6109486,3.0329075,10.020607,183.0,2.0
3.6149483,3.6149483,3.0289078,9.970419,184.0,2.0
3.618925,3.618925,3.024931,9.920776,185.0,2.0
3.622879,3.622879,3.020977,9.871671,186.0,2.0
3.6268091,3.6268091,3.017047,9.823095,187.0,2.0
3.6307182,3.6307182,3.0131378,9.7750435,188.0,2.0
3.6346025,3.6346025,3.0092535,9.7275095,189.0,2.0
3.6384668,3.638466,3.0053902,9.680483,190.0,2.0
3.6423082,3.6423092,3.0015469,9.63396,191.0,2.0
3.6461306,3.6461306,2.9977255,9.587931,192.0,2.0
3.649928,3.649929,2.993927,9.542393,193.0,2.0
3.6537046,3.6537046,2.9901514,9.497338,194.0,2.0
3.657463,3.657463,2.986393,9.45276,195.0,2.0
3.6611967,3.6611958,2.9826603,9.408652,196.0,2.0
3.6649122,3.6649132,2.9789429,9.365007,197.0,2.0
3.6686077,3.6686068,2.9752493,9.321823,198.0,2.0
3.6722794,3.6722794,2.9715767,9.27909,199.0,2.0
0.6750078,0.6750078,5.968848,1638.9644,0.0,3.0
0.68037987,0.68037987,5.963476,1626.949,1.0,3.0
0.7339325,0.7339325,5.9099236,1530.115,2.0,3.0
0.8745928,0.8745928,5.7692633,1282.6604,3.0,3.0
1.1143551,1.1143541,5.529502,912.24207,4.0,3.0
1.3774414,1.3774405,5.2664156,595.60834,5.0,3.0
1.5968876,1.5968876,5.0469685,405.71008,6.0,3.0
1.7671909,1.7671919,4.876664,301.8239,7.0,3.0
1.9019594,1.9019604,4.7418957,241.32132,8.0,3.0
2.012866,2.012865,4.630991,202.0088,9.0,3.0
2.1071186,2.1071177,4.5367384,174.23146,10.0,3.0
2.1890764,2.1890764,4.4547796,153.47198,11.0,3.0
2.2616005,2.2615995,4.3822565,137.29547,12.0,3.0
2.3266716,2.3266706,4.3171854,124.2788,13.0,3.0
2.3857021,2.3857012,4.258155,113.543106,14.0,3.0
2.4397335,2.4397335,4.2041225,104.519066,15.0,3.0
2.4895363,2.4895344,4.1543217,96.82103,16.0,3.0
2.5357075,2.5357075,4.1081486,90.1768,17.0,3.0
2.5787182,2.5787172,4.065139,84.387054,18.0,3.0
2.6189451,2.6189442,4.024912,79.30117,19.0,3.0
2.6566973,2.6566973,3.9871588,74.802414,20.0,3.0
2.692237,2.692236,3.95162,70.79841,21.0,3.0
2.7257824,2.7257824,3.9180737,67.21475,22.0,3.0
2.7575254,2.7575245,3.8863316,63.990818,23.0,3.0
2.7876272,2.7876272,3.8562288,61.076584,24.0,3.0
2.8162336,2.8162346,3.8276215,58.430454,25.0,3.0
2.8434715,2.8434715,3.8003845,56.01757,26.0,3.0
2.8694534,2.8694534,3.7744026,53.808537,27.0,3.0
2.8942766,2.8942776,3.7495785,51.778404,28.0,3.0
2.9180374,2.9180355,3.7258205,49.905975,29.0,3.0
2.9408064,2.9408064,3.7030497,48.173027,30.0,3.0
2.9626646,2.9626646,3.6811914,46.563953,31.0,3.0
2.983676,2.983675,3.660181,45.065292,32.0,3.0
3.0038967,3.0038967,3.6399593,43.665356,33.0,3.0
3.023387,3.023387,3.620469,42.354057,34.0,3.0
3.0421934,3.0421944,3.6016617,41.12257,35.0,3.0
3.0603628,3.0603638,3.5834923,39.963223,36.0,3.0
3.077938,3.0779371,3.565919,38.869267,37.0,3.0
3.0949554,3.0949564,3.5488997,37.83481,38.0,3.0
3.111454,3.111454,3.532402,36.854656,39.0,3.0
3.1274624,3.1274633,3.5163927,35.924248,40.0,3.0
3.143014,3.143014,3.500842,35.039536,41.0,3.0
3.1581345,3.1581354,3.4857206,34.19694,42.0,3.0
3.1728506,3.1728506,3.4710054,33.393295,43.0,3.0
3.1871834,3.1871834,3.4566727,32.625774,44.0,3.0
3.2011566,3.2011576,3.4426985,31.891855,45.0,3.0
3.2147903,3.2147903,3.4290657,31.189297,46.0,3.0
3.2281017,3.2281027,3.4157534,30.516077,47.0,3.0
3.241108,3.241108,3.402748,29.870375,48.0,3.0
3.2538233,3.2538233,3.3900328,29.250553,49.0,3.0
3.266262,3.266262,3.377594,28.655125,50.0,3.0
3.2784386,3.2784386,3.3654175,28.082733,51.0,3.0
3.2903624,3.2903624,3.3534937,27.532146,52.0,3.0
3.3020449,3.3020449,3.3418112,27.002224,53.0,3.0
3.3134966,3.3134975,3.3303585,26.491915,54.0,3.0
3.324728,3.324728,3.319128,26.00025,55.0,3.0
3.335744,3.335744,3.3081121,25.526323,56.0,3.0
3.3465548,3.3465538,3.2973022,25.069277,57.0,3.0
3.3571653,3.3571663,3.2866898,24.628332,58.0,3.0
3.3675842,3.3675842,3.2762718,24.202726,59.0,3.0
3.377818,3.377818,3.266038,23.791752,60.0,3.0
3.3878727,3.3878727,3.2559834,23.394745,61.0,3.0
3.3977518,3.3977518,3.2461042,23.011051,62.0,3.0
3.4074621,3.4074621,3.236394,22.640081,63.0,3.0
3.4170103,3.4170094,3.2268467,22.281254,64.0,3.0
3.4263973,3.4263973,3.2174587,21.934017,65.0,3.0
3.4356298,3.4356308,3.2082253,21.597847,66.0,3.0
3.4447126,3.4447126,3.1991434,21.272245,67.0,3.0
3.4536514,3.4536524,3.1902037,20.956747,68.0,3.0
3.46245,3.46245,3.181406,20.650887,69.0,3.0
3.4711094,3.4711094,3.1727467,20.354244,70.0,3.0
3.4796352,3.4796352,3.1642208,20.066412,71.0,3.0
3.4880352,3.4880352,3.1558208,19.786999,72.0,3.0
3.4963074,3.4963074,3.1475487,19.515638,73.0,3.0
3.5044575,3.5044584,3.1393976,19.251982,74.0,3.0
3.5124903,3.5124903,3.1313658,18.995693,75.0,3.0
3.5204096,3.5204096,3.1234465,18.746466,76.0,3.0
3.5282145,3.5282145,3.1156416,18.503996,77.0,3.0
3.5359154,3.5359154,3.1079407,18.268005,78.0,3.0
3.5435076,3.5435085,3.1003475,18.038227,79.0,3.0
3.5509987,3.5509987,3.0928574,17.814398,80.0,3.0
3.5583925,3.5583916,3.0854645,17.59629,81.0,3.0
3.5656862,3.5656872,3.0781689,17.383673,82.0,3.0
3.5728874,3.5728884,3.0709677,17.176327,83.0,3.0
3.5800009,3.58,3.0638561,16.974047,84.0,3.0
3.5870218,3.5870228,3.0568333,16.77664,85.0,3.0
3.5939589,3.5939598,3.0498962,16.583923,86.0,3.0
3.600811,3.600812,3.043044,16.395721,87.0,3.0
3.607584,3.607584,3.036272,16.211864,88.0,3.0
3.614277,3.614277,3.0295792,16.032198,89.0,3.0
3.6208906,3.6208906,3.0229654,15.856572,90.0,3.0
3.627431,3.62743,3.016426,15.68484,91.0,3.0
3.6338959,3.6338959,3.0099602,15.516869,92.0,3.0
3.6402922,3.6402922,3.003564,15.352525,93.0,3.0
3.646618,3.646618,2.9972382,15.191687,94.0,3.0
3.652875,3.652875,2.990981,15.034238,95.0,3.0
3.6590672,3.659068,2.984788,14.880062,96.0,3.0
3.6651936,3.6651936,2.9786625,14.729054,97.0,3.0
3.671258,3.671259,2.9725971,14.581109,98.0,3.0
3.6772633,3.6772623,2.9665937,14.436128,99.0,3.0
3.6832047,3.6832066,2.9606495,14.294019,100.0,3.0
3.6890907,3.6890907,2.9547653,14.154691,101.0,3.0
3.6949167,3.6949177,2.9489384,14.018057,102.0,3.0
3.7006893,3.7006893,2.9431667,13.884035,103.0,3.0
3.7064066,3.7064056,2.9374504,13.752545,104.0,3.0
3.7120705,3.7120705,2.9317856,13.623515,105.0,3.0
3.7176838,3.7176838,2.9261723,13.496864,106.0,3.0
3.7232456,3.7232447,2.9206114,13.372531,107.0,3.0
3.728756,3.728756,2.9151,13.250443,108.0,3.0
3.7342196,3.7342186,2.9096375,13.130539,109.0,3.0
3.7396336,3.7396355,2.9042206,13.012755,110.0,3.0
3.7450037,3.7450037,2.8988523,12.897033,111.0,3.0
3.7503262,3.7503262,2.89353,12.783315,112.0,3.0
3.7556047,3.7556057,2.8882504,12.67155,113.0,3.0
3.7608414,3.7608404,2.8830156,12.561678,114.0,3.0
3.7660322,3.7660332,2.8778229,12.453657,115.0,3.0
3.771183,3.771183,2.872673,12.347434,116.0,3.0
3.7762928,3.7762928,2.8675632,12.242966,117.0,3.0
3.7813616,3.7813606,2.8624954,12.140202,118.0,3.0
3.7863903,3.7863913,2.8574648,12.039104,119.0,3.0
3.7913818,3.7913818,2.8524742,11.939632,120.0,3.0
3.7963333,3.7963333,2.8475227,11.8417425,121.0,3.0
3.8012505,3.8012505,2.8426056,11.7453985,122.0,3.0
3.8061285,3.8061295,2.8377266,11.650564,123.0,3.0
3.8109713,3.8109713,2.8328848,11.557204,124.0,3.0
3.8157778,3.8157787,2.8280773,11.465282,125.0,3.0
3.820551,3.820551,2.8233051,11.374769,126.0,3.0
3.8252897,3.8252897,2.8185663,11.285631,127.0,3.0
3.8299952,3.8299942,2.8138618,11.197839,128.0,3.0
3.8346663,3.8346663,2.8091898,11.1113615,129.0,3.0
3.8393059,3.8393059,2.8045502,11.0261755,130.0,3.0
3.8439121,3.8439121,2.799944,10.942247,131.0,3.0
3.8484879,3.8484879,2.7953682,10.859556,132.0,3.0
3.853032,3.853032,2.790824,10.778073,133.0,3.0
3.8575459,3.8575459,2.7863102,10.697776,134.0,3.0
3.86203,3.86203,2.781826,10.618641,135.0,3.0
3.8664846,3.8664846,2.7773714,10.540646,136.0,3.0
3.8709087,3.8709087,2.7729473,10.463765,137.0,3.0
3.8753033,3.8753033,2.7685528,10.387982,138.0,3.0
3.8796692,3.8796692,2.7641869,10.313272,139.0,3.0
3.8840084,3.8840084,2.7598476,10.23962,140.0,3.0
3.888319,3.888318,2.755538,10.167002,141.0,3.0
3.892601,3.892601,2.751255,10.095401,142.0,3.0
3.8968563,3.8968563,2.7469997,10.024798,143.0,3.0
3.9010859,3.9010859,2.7427702,9.955176,144.0,3.0
3.9052868,3.9052868,2.7385693,9.8865185,145.0,3.0
3.909462,3.909462,2.734394,9.818808,146.0,3.0
3.9136105,3.9136105,2.7302456,9.752025,147.0,3.0
3.9177341,3.9177341,2.726122,9.686158,148.0,3.0
3.9218311,3.9218311,2.722025,9.621189,149.0,3.0
3.9259024,3.9259024,2.7179537,9.557105,150.0,3.0
3.9299488,3.9299488,2.7139072,9.493887,151.0,3.0
3.9339714,3.9339714,2.7098846,9.431524,152.0,3.0
3.9379692,3.9379692,2.7058868,9.370001,153.0,3.0
3.9419403,3.9419403,2.7019157,9.309303,154.0,3.0
3.9458885,3.9458895,2.6979666,9.249417,155.0,3.0
3.949813,3.949812,2.694044,9.190331,156.0,3.0
3.9537125,3.9537125,2.6901436,9.1320305,157.0,3.0
3.95759,3.9575891,2.686267,9.0745,158.0,3.0
3.961444,3.961443,2.682413,9.017731,159.0,3.0
3.965273,3.965272,2.678584,8.961708,160.0,3.0
3.969079,3.969079,2.674777,8.906421,161.0,3.0
3.9728622,3.9728622,2.6709938,8.851857,162.0,3.0
3.9766235,3.9766235,2.6672325,8.798003,163.0,3.0
3.980361,3.980362,2.663494,8.744851,164.0,3.0
3.9840775,3.9840775,2.6597786,8.692386,165.0,3.0
3.987771,3.987771,2.656085,8.640597,166.0,3.0
3.9914427,3.9914427,2.6524134,8.589473,167.0,3.0
3.9950924,3.9950924,2.6487637,8.539005,168.0,3.0
3.9987202,3.9987202,2.6451359,8.489182,169.0,3.0
4.002327,4.002327,2.641529,8.43999,170.0,3.0
4.005912,4.005913,2.6379433,8.391421,171.0,3.0
4.0094757,4.0094757,2.6343803,8.343467,172.0,3.0
4.0130177,4.0130177,2.6308384,8.296114,173.0,3.0
4.0165396,4.0165396,2.6273165,8.249354,174.0,3.0
4.0200405,4.0200396,2.6238165,8.2031765,175.0,3.0
4.0235205,4.0235205,2.6203356,8.157571,176.0,3.0
4.0269804,4.0269804,2.6168756,8.11253,177.0,3.0
4.0304193,4.0304193,2.6134367,8.068044,178.0,3.0
4.033839,4.033839,2.6100168,8.0241,179.0,3.0
4.037239,4.037239,2.606617,7.9806943,180.0,3.0
4.040619,4.040619,2.6032372,7.9378147,181.0,3.0
4.043977,4.043977,2.5998793,7.8954544,182.0,3.0
4.0473185,4.0473185,2.5965376,7.8536015,183.0,3.0
4.050638,4.050638,2.5932178,7.8122487,184.0,3.0
4.05394,4.05394,2.5899162,7.771389,185.0,3.0
4.0572243,4.0572243,2.5866318,7.7310147,186.0,3.0
4.060486,4.060486,2.5833702,7.691115,187.0,3.0
4.063732,4.063732,2.580124,7.6516843,188.0,3.0
4.0669575,4.0669575,2.5768986,7.6127133,189.0,3.0
4.0701647,4.0701656,2.5736904,7.5741944,190.0,3.0
4.0733547,4.073354,2.5705023,7.536119,191.0,3.0
4.0765266,4.0765257,2.5673304,7.4984827,192.0,3.0
4.0796795,4.0796795,2.5641766,7.461276,193.0,3.0
4.082815,4.082815,2.5610409,7.424491,194.0,3.0
4.0859337,4.0859337,2.5579224,7.3881216,195.0,3.0
4.089033,4.089032,2.5548239,7.3521605,196.0,3.0
4.0921154,4.0921154,2.5517406,7.3166027,197.0,3.0
4.0951805,4.0951805,2.5486755,7.2814384,198.0,3.0
4.0982285,4.0982275,2.5456285,7.246662,199.0,3.0
5.3531437,5.353145,1.2907109,844.56274,0.0,4.0
5.3718405,5.37184,1.272016,769.60486,1.0,4.0
5.3978395,5.39784,1.246016,658.8342,2.0,4.0
5.451608,5.451608,1.1922479,524.2159,3.0,4.0
5.5229464,5.5229464,1.1209097,369.25168,4.0,4.0
5.562962,5.562962,1.080894,296.93445,5.0,4.0
5.5767946,5.5767956,1.0670605,268.59085,6.0,4.0
5.580185,5.580185,1.0636711,241.95798,7.0,4.0
5.5915866,5.591586,1.0522699,196.42795,8.0,4.0
5.610502,5.610502,1.0333543,162.75206,9.0,4.0
5.6202583,5.620258,1.0235982,145.11649,10.0,4.0
5.6281605,5.6281605,1.0156956,131.24405,11.0,4.0
5.639184,5.639184,1.004672,119.02991,12.0,4.0
5.6510167,5.6510167,0.99283934,109.76884,13.0,4.0
5.660762,5.660762,0.9830942,102.907104,14.0,4.0
5.668421,5.66842,0.9754362,97.14807,15.0,4.0
5.675432,5.675432,0.96842384,91.7761,16.0,4.0
5.682606,5.6826067,0.96124935,86.78217,17.0,4.0
5.689826,5.689826,0.95403004,82.297134,18.0,4.0
5.6969037,5.6969047,0.9469514,78.168976,19.0,4.0
5.7039804,5.7039804,0.9398756,74.09202,20.0,4.0
5.7113028,5.7113028,0.9325533,69.85545,21.0,4.0
5.7189445,5.7189445,0.9249115,65.45681,22.0,4.0
5.726693,5.726693,0.9171629,61.092007,23.0,4.0
5.734133,5.734133,0.9097233,57.044556,24.0,4.0
5.740824,5.740824,0.9030318,53.53822,25.0,4.0
5.7464457,5.746445,0.89741087,50.655983,26.0,4.0
5.750837,5.7508373,0.8930187,48.356663,27.0,4.0
5.7539616,5.753963,0.88989305,46.53639,28.0,4.0
5.755864,5.755863,0.88799286,45.079506,29.0,4.0
5.7566223,5.7566223,0.88723373,43.883198,30.0,4.0
5.756353,5.756353,0.88750315,42.863407,31.0,4.0
5.755207,5.7552075,0.8886485,41.952316,32.0,4.0
5.753399,5.7533984,0.89045763,41.09484,33.0,4.0
5.7511992,5.7511992,0.8926568,40.2468,34.0,4.0
5.7489367,5.748936,0.8949199,39.376514,35.0,4.0
5.7469234,5.7469244,0.89693165,38.46855,36.0,4.0
5.7454243,5.745423,0.8984332,37.526295,37.0,4.0
5.7445836,5.7445836,0.89927244,36.569088,38.0,4.0
5.744443,5.744443,0.8994131,35.62282,39.0,4.0
5.744951,5.744951,0.8989053,34.709026,40.0,4.0
5.7460017,5.7460012,0.8978548,33.839138,41.0,4.0
5.747462,5.747462,0.89639425,33.015694,42.0,4.0
5.749199,5.749199,0.89465714,32.236656,43.0,4.0
5.751089,5.7510896,0.8927665,31.498665,44.0,4.0
5.753033,5.7530336,0.8908224,30.798326,45.0,4.0
5.7549586,5.754958,0.8888979,30.132402,46.0,4.0
5.756819,5.7568192,0.8870368,29.49788,47.0,4.0
5.75859,5.7585897,0.8852663,28.89221,48.0,4.0
5.760256,5.7602553,0.8836007,28.313457,49.0,4.0
5.7618155,5.761815,0.882041,27.760363,50.0,4.0
5.7632723,5.763273,0.8805833,27.232227,51.0,4.0
5.764634,5.7646346,0.87922144,26.728714,52.0,4.0
5.765906,5.7659063,0.8779497,26.249664,53.0,4.0
5.7670975,5.7670984,0.8767576,25.794891,54.0,4.0
5.768219,5.768219,0.87563705,25.364073,55.0,4.0
5.7692757,5.769275,0.87458086,24.956718,56.0,4.0
5.770279,5.7702794,0.87357664,24.572094,57.0,4.0
5.7712345,5.7712345,0.87262154,24.209303,58.0,4.0
5.772149,5.7721486,0.87170744,23.867283,59.0,4.0
5.7730284,5.7730284,0.8708277,23.544886,60.0,4.0
5.773878,5.773879,0.869977,23.240927,61.0,4.0
5.774702,5.774703,0.869153,22.954222,62.0,4.0
5.7755036,5.7755036,0.8683524,22.68364,63.0,4.0
5.776286,5.7762866,0.86756945,22.42812,64.0,4.0
5.777051,5.777051,0.8668051,22.186693,65.0,4.0
5.7777987,5.7777987,0.8660574,21.958479,66.0,4.0
5.778529,5.77853,0.8653259,21.742678,67.0,4.0
5.7792463,5.779246,0.8646102,21.538567,68.0,4.0
5.7799454,5.779945,0.86391115,21.34546,69.0,4.0
5.780627,5.7806273,0.8632288,21.162745,70.0,4.0
5.78129,5.78129,0.862566,20.989813,71.0,4.0
5.7819314,5.781931,0.8619251,20.826122,72.0,4.0
5.7825475,5.782548,0.8613081,20.671144,73.0,4.0
5.7831373,5.7831373,0.8607187,20.524403,74.0,4.0
5.783696,5.783696,0.8601599,20.385454,75.0,4.0
5.7842193,5.784218,0.8596382,20.253899,76.0,4.0
5.784705,5.7847047,0.85915136,20.129368,77.0,4.0
5.7851458,5.7851458,0.8587103,20.011538,78.0,4.0
5.7855396,5.7855406,0.85831547,19.900108,79.0,4.0
5.7858853,5.785885,0.8579712,19.7948,80.0,4.0
5.7861757,5.7861753,0.8576808,19.695347,81.0,4.0
5.78641,5.78641,0.8574462,19.60149,82.0,4.0
5.786584,5.786584,0.85727215,19.512972,83.0,4.0
5.786701,5.7867007,0.8571553,19.4295,84.0,4.0
5.7867556,5.7867556,0.8571005,19.350779,85.0,4.0
5.786752,5.7867527,0.85710335,19.276451,86.0,4.0
5.786693,5.786694,0.857162,19.206125,87.0,4.0
5.786584,5.786584,0.85727215,19.139345,88.0,4.0
5.7864294,5.7864294,0.85742664,19.075583,89.0,4.0
5.78624,5.78624,0.85761595,19.014246,90.0,4.0
5.786025,5.7860255,0.8578305,18.954655,91.0,4.0
5.7857966,5.7857966,0.8580594,18.896069,92.0,4.0
5.7855706,5.78557,0.8582859,18.83769,93.0,4.0
5.785362,5.7853622,0.8584938,18.77868,94.0,4.0
5.78519,5.7851906,0.85866547,18.7182,95.0,4.0
5.785072,5.7850723,0.8587837,18.655424,96.0,4.0
5.7850266,5.785027,0.858829,18.5896,97.0,4.0
5.785072,5.7850723,0.8587837,18.520067,98.0,4.0
5.785222,5.7852225,0.8586335,18.446316,99.0,4.0
5.785493,5.785493,0.85836315,18.368004,100.0,4.0
5.785894,5.7858944,0.85796165,18.285013,101.0,4.0
5.78643,5.78643,0.85742617,18.19743,102.0,4.0
5.7871037,5.787104,0.8567519,18.105574,103.0,4.0
5.7879124,5.7879124,0.8559437,18.009983,104.0,4.0
5.788849,5.7888484,0.85500765,17.911371,105.0,4.0
5.7899027,5.7899027,0.85395336,17.810593,106.0,4.0
5.791062,5.7910604,0.8527956,17.708603,107.0,4.0
5.792306,5.792306,0.8515501,17.606369,108.0,4.0
5.7936215,5.7936225,0.85023355,17.504843,109.0,4.0
5.7949905,5.79499,0.848866,17.404896,110.0,4.0
5.796393,5.7963934,0.84746265,17.307285,111.0,4.0
5.7978134,5.797813,0.8460431,17.212633,112.0,4.0
5.799238,5.799238,0.84461784,17.121399,113.0,4.0
5.800652,5.8006516,0.8432045,17.033901,114.0,4.0
5.802046,5.802045,0.8418112,16.95031,115.0,4.0
5.803407,5.803407,0.84044886,16.87068,116.0,4.0
5.804733,5.804733,0.83912325,16.794952,117.0,4.0
5.806014,5.806014,0.837842,16.722998,118.0,4.0
5.8072476,5.807248,0.83660793,16.654623,119.0,4.0
5.8084316,5.8084307,0.8354254,16.589603,120.0,4.0
5.8095636,5.8095636,0.8342924,16.527685,121.0,4.0
5.810643,5.810643,0.83321285,16.46861,122.0,4.0
5.81167,5.81167,0.8321862,16.41213,123.0,4.0
5.8126464,5.8126464,0.83120966,16.357992,124.0,4.0
5.8135743,5.813574,0.8302822,16.305965,125.0,4.0
5.814451,5.814451,0.82940483,16.25584,126.0,4.0
5.8152823,5.8152823,0.8285737,16.207417,127.0,4.0
5.8160677,5.8160667,0.8277893,16.16052,128.0,4.0
5.8168097,5.8168097,0.8270464,16.115002,129.0,4.0
5.8175106,5.8175106,0.82634544,16.070711,130.0,4.0
5.8181725,5.8181725,0.8256836,16.02753,131.0,4.0
5.818797,5.818797,0.82505894,15.98534,132.0,4.0
5.8193855,5.8193855,0.8244705,15.944047,133.0,4.0
5.8199387,5.8199396,0.82391644,15.903549,134.0,4.0
5.820462,5.8204618,0.8233943,15.86377,135.0,4.0
5.8209543,5.8209543,0.8229017,15.824631,136.0,4.0
5.821418,5.821418,0.82243824,15.786058,137.0,4.0
5.8218536,5.821854,0.82200193,15.747987,138.0,4.0
5.8222656,5.8222666,0.82158947,15.710345,139.0,4.0
5.8226533,5.822653,0.82120323,15.673074,140.0,4.0
5.823019,5.8230176,0.82083845,15.636113,141.0,4.0
5.8233643,5.8233643,0.8204918,15.5994,142.0,4.0
5.823692,5.823692,0.8201642,15.562877,143.0,4.0
5.8240023,5.824002,0.81985426,15.526485,144.0,4.0
5.8242965,5.824297,0.8195591,15.490173,145.0,4.0
5.8245773,5.8245773,0.8192787,15.453884,146.0,4.0
5.8248463,5.8248467,0.8190093,15.4175625,147.0,4.0
5.825105,5.8251057,0.8187504,15.381161,148.0,4.0
5.825355,5.8253546,0.8185015,15.344626,149.0,4.0
5.825597,5.825597,0.81825924,15.307912,150.0,4.0
5.8258343,5.8258343,0.8180218,15.270975,151.0,4.0
5.8260684,5.8260665,0.81778955,15.233767,152.0,4.0
5.8262973,5.8262978,0.8175583,15.196248,153.0,4.0
5.8265266,5.8265266,0.8173294,15.158384,154.0,4.0
5.8267574,5.826757,0.8170991,15.120135,155.0,4.0
5.8269887,5.8269887,0.81686735,15.081472,156.0,4.0
5.827223,5.8272223,0.8166337,15.042368,157.0,4.0
5.827462,5.8274612,0.8163948,15.002792,158.0,4.0
5.8277063,5.8277054,0.81615067,14.962726,159.0,4.0
5.827957,5.827957,0.8158989,14.922151,160.0,4.0
5.8282175,5.8282175,0.81563854,14.881053,161.0,4.0
5.8284864,5.828486,0.8153701,14.83942,162.0,4.0
5.828764,5.8287635,0.81509256,14.797246,163.0,4.0
5.8290534,5.829054,0.81480217,14.754532,164.0,4.0
5.829355,5.829355,0.8145013,14.711274,165.0,4.0
5.829667,5.829667,0.81418896,14.66748,166.0,4.0
5.8299923,5.8299923,0.81386375,14.623164,167.0,4.0
5.8303323,5.8303323,0.81352377,14.578334,168.0,4.0
5.8306856,5.8306856,0.81317043,14.533012,169.0,4.0
5.831051,5.831051,0.8128052,14.487218,170.0,4.0
5.8314323,5.831432,0.8124242,14.440975,171.0,4.0
5.831827,5.8318267,0.81202936,14.394318,172.0,4.0
5.8322372,5.8322372,0.8116188,14.347273,173.0,4.0
5.8326607,5.8326607,0.8111954,14.299876,174.0,4.0
5.833098,5.8330984,0.81075764,14.252165,175.0,4.0
5.833551,5.833551,0.8103051,14.20418,176.0,4.0
5.8340173,5.8340178,0.8098383,14.15596,177.0,4.0
5.8344946,5.8344946,0.80936146,14.1075535,178.0,4.0
5.8349867,5.834987,0.8088689,14.058999,179.0,4.0
5.835491,5.835491,0.80836487,14.010343,180.0,4.0
5.8360066,5.836006,0.8078499,13.961629,181.0,4.0
5.8365345,5.836535,0.8073211,13.912905,182.0,4.0
5.8370724,5.8370724,0.8067837,13.864212,183.0,4.0
5.837619,5.8376193,0.80623674,13.815591,184.0,4.0
5.8381767,5.8381763,0.8056798,13.767092,185.0,4.0
5.8387394,5.8387394,0.80511665,13.718749,186.0,4.0
5.8393126,5.8393126,0.8045435,13.670603,187.0,4.0
5.8398924,5.8398924,0.80396366,13.622688,188.0,4.0
5.840477,5.840477,0.80337906,13.575042,189.0,4.0
5.8410673,5.841068,0.80278826,13.527691,190.0,4.0
5.8416624,5.8416624,0.80219364,13.480669,191.0,4.0
5.8422613,5.8422613,0.80159473,13.433999,192.0,4.0
5.842862,5.8428626,0.80099344,13.387702,193.0,4.0
5.8434668,5.8434663,0.80038977,13.341802,194.0,4.0
5.8440704,5.8440695,0.79978657,13.296315,195.0,4.0
5.8446765,5.8446765,0.79917955,13.251251,196.0,4.0
5.84528,5.84528,0.7985759,13.206627,197.0,4.0
5.8458843,5.845884,0.7979722,13.162446,198.0,4.0
5.846488,5.846488,0.79736805,13.118715,199.0,4.0
5.770673,5.770673,0.87318325,604.56006,0.0,5.0
5.7654934,5.7654934,0.87836266,618.98755,1.0,5.0
5.801256,5.8012557,0.84260035,610.8187,2.0,5.0
5.8076806,5.807681,0.83617496,619.375,3.0,5.0
5.846279,5.846279,0.7975769,534.8931,4.0,5.0
5.843792,5.8437915,0.80006456,510.43027,5.0,5.0
5.855385,5.8553853,0.78847075,425.82516,6.0,5.0
5.856786,5.8567863,0.7870698,418.51868,7.0,5.0
5.854403,5.854403,0.789453,418.0157,8.0,5.0
5.8493767,5.8493757,0.7944803,418.55954,9.0,5.0
5.841463,5.841463,0.80239296,419.94824,10.0,5.0
5.824932,5.8249326,0.8189235,425.45743,11.0,5.0
5.8002667,5.8002667,0.8435893,419.5183,12.0,5.0
5.795936,5.7959366,0.84791946,319.56683,13.0,5.0
5.750604,5.750604,0.8932519,335.13736,14.0,5.0
5.7123933,5.7123938,0.9314623,352.44748,15.0,5.0
5.6933794,5.6933794,0.95047665,397.16666,16.0,5.0
5.696212,5.696212,0.94764423,409.63797,17.0,5.0
5.6961737,5.696174,0.9476819,401.3082,18.0,5.0
5.698362,5.698362,0.9454942,387.69186,19.0,5.0
5.7012486,5.7012486,0.9426074,359.0204,20.0,5.0
5.7059355,5.7059355,0.9379206,263.39462,21.0,5.0
5.7112565,5.7112565,0.93259954,255.2814,22.0,5.0
5.711357,5.711358,0.932498,255.65944,23.0,5.0
5.7113066,5.711306,0.93254995,256.07037,24.0,5.0
5.712488,5.712488,0.9313679,255.89006,25.0,5.0
5.7158036,5.7158036,0.9280524,254.80263,26.0,5.0
5.7191887,5.7191887,0.92466736,252.92796,27.0,5.0
5.7161274,5.716128,0.9277282,248.15596,28.0,5.0
5.715534,5.715534,0.92832184,235.30965,29.0,5.0
5.7177935,5.7177935,0.9260626,233.20183,30.0,5.0
5.719325,5.719325,0.924531,238.67844,31.0,5.0
5.7251124,5.7251124,0.9187436,242.96712,32.0,5.0
5.733157,5.733157,0.9106989,243.97408,33.0,5.0
5.7397923,5.739793,0.9040632,243.62822,34.0,5.0
5.744164,5.7441645,0.8996916,243.2078,35.0,5.0
5.742989,5.742989,0.900867,243.7679,36.0,5.0
5.739829,5.7398295,0.9040265,243.17395,37.0,5.0
5.7474456,5.7474456,0.89641047,238.21465,38.0,5.0
5.751356,5.751356,0.8924999,237.13849,39.0,5.0
5.751998,5.751998,0.8918581,237.05458,40.0,5.0
5.7510467,5.7510467,0.8928094,237.20981,41.0,5.0
5.749235,5.7492347,0.8946214,237.38689,42.0,5.0
5.746592,5.746592,0.897264,237.33878,43.0,5.0
5.7413635,5.7413645,0.90249157,236.50081,44.0,5.0
5.7293653,5.7293653,0.9144907,232.42458,45.0,5.0
5.7206454,5.720646,0.92321014,221.81064,46.0,5.0
5.7196503,5.7196503,0.9242058,214.55336,47.0,5.0
5.7184343,5.7184343,0.9254217,210.86906,48.0,5.0
5.717148,5.717148,0.9267082,207.84575,49.0,5.0
5.715818,5.7158184,0.92803764,205.29173,50.0,5.0
5.714036,5.714037,0.9298191,203.27461,51.0,5.0
5.7116165,5.711616,0.93224,201.68938,52.0,5.0
5.708777,5.7087774,0.9350786,200.37227,53.0,5.0
5.706029,5.706029,0.9378271,199.19954,54.0,5.0
5.703907,5.703907,0.93994904,198.10847,55.0,5.0
5.702692,5.702693,0.94116306,197.08179,56.0,5.0
5.702349,5.7023487,0.94150734,196.12482,57.0,5.0
5.7026377,5.702638,0.9412179,195.24739,58.0,5.0
5.703282,5.7032824,0.9405737,194.45367,59.0,5.0
5.704052,5.7040524,0.9398036,193.7398,60.0,5.0
5.704796,5.704796,0.9390602,193.09543,61.0,5.0
5.705434,5.7054334,0.9384227,192.50612,62.0,5.0
5.7059507,5.705951,0.93790483,191.95526,63.0,5.0
5.706397,5.7063966,0.93745947,191.42537,64.0,5.0
5.706856,5.706856,0.9370003,190.9006,65.0,5.0
5.707421,5.7074203,0.9364357,190.37138,66.0,5.0
5.708148,5.708148,0.93570805,189.84074,67.0,5.0
5.709027,5.7090263,0.9348297,189.32613,68.0,5.0
5.709997,5.709997,0.9338589,188.85274,69.0,5.0
5.7109904,5.7109904,0.9328656,188.44104,70.0,5.0
5.711976,5.7119765,0.9318795,188.09744,71.0,5.0
5.712998,5.712998,0.93085814,187.81303,72.0,5.0
5.7141643,5.7141647,0.9296913,187.56787,73.0,5.0
5.7155886,5.7155886,0.9282675,187.34251,74.0,5.0
5.7172565,5.7172565,0.9265995,187.13994,75.0,5.0
5.7189407,5.718941,0.92491484,187.01013,76.0,5.0
5.7203245,5.7203255,0.9235306,187.04982,77.0,5.0
5.7215023,5.7215023,0.92235374,187.31374,78.0,5.0
5.7235384,5.7235374,0.9203186,187.627,79.0,5.0
5.7277393,5.7277393,0.9161167,187.64282,80.0,5.0
5.733894,5.7338934,0.90996265,187.3037,81.0,5.0
5.740631,5.740631,0.90322495,186.8339,82.0,5.0
5.747057,5.7470574,0.8967986,186.37357,83.0,5.0
5.753042,5.7530427,0.89081335,185.93625,84.0,5.0
5.7587595,5.7587595,0.88509655,185.49786,85.0,5.0
5.764399,5.7643976,0.8794584,185.03603,86.0,5.0
5.7700777,5.7700777,0.87377834,184.53738,87.0,5.0
5.775833,5.775833,0.8680229,183.99936,88.0,5.0
5.7816105,5.7816105,0.86224556,183.43123,89.0,5.0
5.7872677,5.7872677,0.85658836,182.853,90.0,5.0
5.7925854,5.792586,0.8512702,182.28796,91.0,5.0
5.7972703,5.7972703,0.84658575,181.74788,92.0,5.0
5.8009315,5.8009315,0.8429246,181.2072,93.0,5.0
5.8030205,5.8030205,0.8408356,180.55156,94.0,5.0
5.8027945,5.802794,0.84106207,179.45924,95.0,5.0
5.7996264,5.799626,0.8442302,177.168,96.0,5.0
5.7938323,5.7938323,0.85002375,172.30267,97.0,5.0
5.7869062,5.7869067,0.8569493,163.6212,98.0,5.0
5.780752,5.780752,0.86310387,151.76678,99.0,5.0
5.777059,5.777059,0.866797,139.63365,100.0,5.0
5.775916,5.7759166,0.8679395,130.55972,101.0,5.0
5.775752,5.775752,0.868104,125.481514,102.0,5.0
5.775295,5.7752943,0.86856174,123.18443,103.0,5.0
5.7744493,5.7744503,0.86940575,122.27247,104.0,5.0
5.773587,5.773587,0.8702688,121.921585,105.0,5.0
5.772974,5.772974,0.87088203,121.75775,106.0,5.0
5.7727346,5.7727346,0.8711214,121.62931,107.0,5.0
5.7728977,5.7728977,0.8709583,121.479965,108.0,5.0
5.7734375,5.7734375,0.87041855,121.2961,109.0,5.0
5.774272,5.774272,0.8695841,121.08579,110.0,5.0
5.7752895,5.775289,0.868567,120.86742,111.0,5.0
5.7763615,5.7763615,0.8674946,120.661156,112.0,5.0
5.7773743,5.7773743,0.8664818,120.48313,113.0,5.0
5.7782335,5.7782335,0.8656225,120.34326,114.0,5.0
5.7788677,5.7788677,0.8649883,120.24569,115.0,5.0
5.779221,5.7792206,0.86463547,120.189545,116.0,5.0
5.779249,5.779249,0.86460686,120.16733,117.0,5.0
5.7789116,5.7789116,0.86494446,120.15741,118.0,5.0
5.7781725,5.778173,0.8656831,120.10813,119.0,5.0
5.77699,5.7769904,0.86686563,119.91164,120.0,5.0
5.7753143,5.7753143,0.8685417,119.37364,121.0,5.0
5.773103,5.7731028,0.8707533,118.18865,122.0,5.0
5.770438,5.7704387,0.8734174,115.92129,123.0,5.0
5.767864,5.767864,0.8759918,111.98408,124.0,5.0
5.766875,5.7668753,0.8769808,105.72492,125.0,5.0
5.769553,5.7695527,0.87430334,97.108734,126.0,5.0
5.7760506,5.776051,0.867805,87.926,127.0,5.0
5.7834635,5.783464,0.8603921,80.79292,128.0,5.0
5.78927,5.7892694,0.8545866,76.464096,129.0,5.0
5.7930617,5.7930613,0.8507948,74.14271,130.0,5.0
5.795374,5.795374,0.84848213,72.94307,131.0,5.0
5.7967634,5.7967644,0.8470917,72.32037,132.0,5.0
5.797603,5.797603,0.8462529,71.989914,133.0,5.0
5.798111,5.798111,0.8457451,71.80901,134.0,5.0
5.7984095,5.7984095,0.8454466,71.70601,135.0,5.0
5.79857,5.79857,0.8452859,71.644196,136.0,5.0
5.7986293,5.7986298,0.8452263,71.60424,137.0,5.0
5.7986045,5.798604,0.84525204,71.575516,138.0,5.0
5.798502,5.7985015,0.84535456,71.551834,139.0,5.0
5.798316,5.798316,0.84554005,71.52921,140.0,5.0
5.7980347,5.7980347,0.8458214,71.50463,141.0,5.0
5.797643,5.7976427,0.84621334,71.475296,142.0,5.0
5.7971134,5.797113,0.8467431,71.438255,143.0,5.0
5.7964153,5.7964153,0.8474407,71.38983,144.0,5.0
5.795512,5.795512,0.84834385,71.32537,145.0,5.0
5.794364,5.794364,0.8494921,71.23882,146.0,5.0
5.7929277,5.7929273,0.8509288,71.12239,147.0,5.0
5.7911677,5.7911673,0.8526888,70.96618,148.0,5.0
5.7890596,5.7890596,0.8547964,70.75829,149.0,5.0
5.786605,5.7866044,0.85725164,70.485146,150.0,5.0
5.78384,5.78384,0.86001587,70.13282,151.0,5.0
5.7808475,5.7808475,0.8630085,69.68958,152.0,5.0
5.7777615,5.7777615,0.8660946,69.14952,153.0,5.0
5.7747507,5.7747507,0.86910534,68.51688,154.0,5.0
5.771999,5.771999,0.87185717,67.80924,155.0,5.0
5.769655,5.769655,0.8742008,67.05761,156.0,5.0
5.767811,5.7678113,0.87604475,66.30189,157.0,5.0
5.7664795,5.76648,0.8773761,65.582756,158.0,5.0
5.765601,5.765601,0.8782549,64.933266,159.0,5.0
5.765085,5.7650847,0.8787713,64.37354,160.0,5.0
5.764827,5.764827,0.8790293,63.91002,161.0,5.0
5.764733,5.764733,0.8791232,63.5382,162.0,5.0
5.764733,5.7647324,0.8791237,63.246944,163.0,5.0
5.7647734,5.7647734,0.8790827,63.022263,164.0,5.0
5.764822,5.764822,0.87903404,62.85007,165.0,5.0
5.76486,5.76486,0.8789959,62.717613,166.0,5.0
5.7648783,5.7648787,0.8789773,62.61409,167.0,5.0
5.764873,5.764873,0.878983,62.53057,168.0,5.0
5.764846,5.7648463,0.8790097,62.459774,169.0,5.0
5.7648025,5.764802,0.87905407,62.39567,170.0,5.0
5.764747,5.764747,0.8791089,62.33307,171.0,5.0
5.7646875,5.764687,0.879169,62.267292,172.0,5.0
5.76463,5.7646303,0.87922573,62.193836,173.0,5.0
5.7645855,5.7645855,0.87927055,62.1081,174.0,5.0
5.764565,5.764565,0.87929106,62.005196,175.0,5.0
5.7645807,5.7645802,0.8792758,61.87985,176.0,5.0
5.7646422,5.764642,0.8792143,61.72634,177.0,5.0
5.7647624,5.7647624,0.87909365,61.53868,178.0,5.0
5.764955,5.7649555,0.8789005,61.310917,179.0,5.0
5.765229,5.7652287,0.8786273,61.03777,180.0,5.0
5.7655907,5.7655897,0.87826633,60.715393,181.0,5.0
5.766039,5.766039,0.87781715,60.342506,182.0,5.0
5.7665696,5.76657,0.87728596,59.92137,183.0,5.0
5.767168,5.7671676,0.8766885,59.4586,184.0,5.0
5.7678113,5.767812,0.8760443,58.965256,185.0,5.0
5.7684746,5.7684746,0.87538147,58.456104,186.0,5.0
5.7691283,5.7691283,0.8747277,57.948013,187.0,5.0
5.769743,5.7697425,0.87411356,57.457737,188.0,5.0
5.7702928,5.7702928,0.8735633,56.99977,189.0,5.0
5.7707615,5.7707615,0.87309456,56.58483,190.0,5.0
5.771133,5.771133,0.8727231,56.219112,191.0,5.0
5.7714024,5.7714033,0.87245274,55.904568,192.0,5.0
5.771571,5.771571,0.8722849,55.639664,193.0,5.0
5.771641,5.77164,0.8722162,55.420467,194.0,5.0
5.7716208,5.771621,0.8722348,55.2417,195.0,5.0
5.7715235,5.7715235,0.8723326,55.097572,196.0,5.0
5.7713575,5.7713566,0.87249947,54.982384,197.0,5.0
5.7711344,5.7711344,0.8727217,54.8909,198.0,5.0
5.770865,5.770865,0.8729911,54.81849,199.0,5.0
5.944559,5.9445586,0.6992974,482.0652,0.0,6.0
5.9331017,5.933101,0.7107549,482.48465,1.0,6.0
5.925459,5.925459,0.71839714,482.80066,2.0,6.0
5.9247956,5.924795,0.7190609,482.33572,3.0,6.0
5.926552,5.926553,0.7173033,481.54077,4.0,6.0
5.928631,5.928631,0.7152252,480.68375,5.0,6.0
5.930561,5.930561,0.713295,479.84875,6.0,6.0
5.932268,5.932268,0.7115879,479.06793,7.0,6.0
5.933761,5.933761,0.7100949,478.3567,8.0,6.0
5.9350653,5.9350653,0.7087908,477.7215,9.0,6.0
5.9362054,5.9362054,0.70765066,477.1626,10.0,6.0
5.937205,5.9372053,0.70665073,476.67578,11.0,6.0
5.9374437,5.9374437,0.7064123,476.25513,12.0,6.0
5.91782,5.91782,0.7260361,476.6259,13.0,6.0
5.8661222,5.8661227,0.7777333,502.28473,14.0,6.0
5.863664,5.863664,0.7801919,493.74454,15.0,6.0
5.86852,5.86852,0.77533627,483.63837,16.0,6.0
5.8755016,5.8755016,0.7683544,458.25095,17.0,6.0
5.8754783,5.8754783,0.7683778,456.1789,18.0,6.0
5.8514504,5.85145,0.7924061,448.9789,19.0,6.0
5.851531,5.851531,0.792325,445.18915,20.0,6.0
5.853075,5.8530755,0.79078054,423.29883,21.0,6.0
5.835673,5.835673,0.8081832,421.5887,22.0,6.0
5.822172,5.822172,0.8216839,422.46387,23.0,6.0
5.822318,5.8223186,0.8215375,422.37436,24.0,6.0
5.822608,5.822608,0.82124805,422.25958,25.0,6.0
5.821834,5.8218336,0.82202244,421.55545,26.0,6.0
5.815937,5.8159375,0.8279185,404.73688,27.0,6.0
5.8199744,5.819975,0.82388115,369.00266,28.0,6.0
5.8097343,5.809735,0.8341212,361.1131,29.0,6.0
5.8128476,5.812847,0.8310089,356.30365,30.0,6.0
5.8131385,5.813139,0.8307171,355.80118,31.0,6.0
5.8018208,5.8018208,0.8420353,354.9513,32.0,6.0
5.78764,5.78764,0.85621595,346.93018,33.0,6.0
5.7931805,5.7931805,0.8506756,336.1768,34.0,6.0
5.7949533,5.794954,0.8489022,334.78766,35.0,6.0
5.795238,5.7952385,0.84861755,334.53925,36.0,6.0
5.795349,5.795349,0.8485069,334.344,37.0,6.0
5.795411,5.795411,0.84844494,334.14395,38.0,6.0
5.795433,5.795433,0.848423,333.93402,39.0,6.0
5.7953844,5.7953844,0.84847164,333.71143,40.0,6.0
5.79467,5.79467,0.84918594,333.47256,41.0,6.0
5.7863297,5.78633,0.8575258,333.21063,42.0,6.0
5.768308,5.7683077,0.87554836,332.8366,43.0,6.0
5.759144,5.7591434,0.8847127,331.48325,44.0,6.0
5.744748,5.744748,0.89910793,323.47577,45.0,6.0
5.7451487,5.7451496,0.89870644,305.7817,46.0,6.0
5.750061,5.750061,0.893795,298.32443,47.0,6.0
5.750837,5.7508354,0.89302063,296.7517,48.0,6.0
5.7488976,5.7488966,0.89495945,295.3258,49.0,6.0
5.7443657,5.7443657,0.89949036,289.8172,50.0,6.0
5.743533,5.743533,0.9003229,274.60504,51.0,6.0
5.742358,5.742358,0.90149784,263.06168,52.0,6.0
5.7287664,5.7287664,0.9150896,257.79407,53.0,6.0
5.710536,5.710536,0.93332005,245.60933,54.0,6.0
5.709115,5.7091165,0.9347396,218.04048,55.0,6.0
5.717198,5.7171974,0.92665863,197.1382,56.0,6.0
5.721238,5.7212377,0.9226184,190.76997,57.0,6.0
5.7221656,5.722166,0.92169,188.86145,58.0,6.0
5.722044,5.722044,0.92181206,187.74484,59.0,6.0
5.721406,5.721405,0.922451,186.74274,60.0,6.0
5.7201014,5.720102,0.9237542,185.75626,61.0,6.0
5.717608,5.717608,0.9262481,184.78314,62.0,6.0
5.71324,5.7132397,0.9306164,183.83339,63.0,6.0
5.707317,5.7073174,0.9365387,182.90811,64.0,6.0
5.702363,5.7023635,0.94149256,181.9933,65.0,6.0
5.7003202,5.7003202,0.9435358,181.07497,66.0,6.0
5.7002006,5.7002,0.94365597,180.16142,67.0,6.0
5.6996007,5.699601,0.9442549,179.28625,68.0,6.0
5.695487,5.695488,0.9483681,178.46773,69.0,6.0
5.6866245,5.6866245,0.9572315,177.35913,70.0,6.0
5.6771507,5.6771502,0.9667058,174.21579,71.0,6.0
5.6689982,5.668998,0.9748583,165.63528,72.0,6.0
5.663484,5.6634836,0.9803724,149.38818,73.0,6.0
5.661703,5.661703,0.98215294,134.01845,74.0,6.0
5.659156,5.659157,0.98469925,126.93728,75.0,6.0
5.6544123,5.6544123,0.9894438,123.98266,76.0,6.0
5.6502347,5.6502347,0.99362135,122.31581,77.0,6.0
5.6486096,5.6486087,0.99524736,121.53646,78.0,6.0
5.648273,5.6482735,0.9955826,121.30937,79.0,6.0
5.648103,5.648103,0.9957528,121.33521,80.0,6.0
5.6478224,5.6478224,0.99603367,121.493835,81.0,6.0
5.6473994,5.6473994,0.9964566,121.74788,82.0,6.0
5.646773,5.6467724,0.99708366,122.08494,83.0,6.0
5.6457515,5.645752,0.9981041,122.49867,84.0,6.0
5.6438875,5.6438875,0.9999685,122.98341,85.0,6.0
5.640373,5.640373,1.0034828,123.53282,86.0,6.0
5.634327,5.634327,1.0095291,124.13946,87.0,6.0
5.6258197,5.62582,1.0180359,124.79433,88.0,6.0
5.6160975,5.6160975,1.0277586,125.486855,89.0,6.0
5.6069837,5.606984,1.0368719,126.2041,90.0,6.0
5.6006765,5.600677,1.043179,126.93021,91.0,6.0
5.5974984,5.597498,1.0463581,127.651695,92.0,6.0
5.596141,5.596141,1.0477152,128.35866,93.0,6.0
5.595563,5.595563,1.0482931,129.04231,94.0,6.0
5.5952826,5.5952826,1.0485735,129.69464,95.0,6.0
5.5950933,5.595093,1.0487633,130.30913,96.0,6.0
5.5948496,5.594849,1.0490069,130.88089,97.0,6.0
5.5943527,5.5943522,1.0495038,131.40651,98.0,6.0
5.593245,5.5932446,1.0506115,131.88354,99.0,6.0
5.5909343,5.590934,1.0529222,132.30879,100.0,6.0
5.5867434,5.5867434,1.0571127,132.67397,101.0,6.0
5.580641,5.580641,1.0632153,132.95403,102.0,6.0
5.574008,5.5740094,1.0698466,133.08052,103.0,6.0
5.5686436,5.5686436,1.0752125,132.89886,104.0,6.0
5.5655823,5.5655823,1.0782738,132.16074,105.0,6.0
5.565504,5.565503,1.0783529,130.7663,106.0,6.0
5.56757,5.56757,1.0762858,129.19911,107.0,6.0
5.569228,5.569228,1.0746279,128.12427,108.0,6.0
5.568796,5.568796,1.0750599,127.63242,109.0,6.0
5.566413,5.566412,1.0774441,127.47922,110.0,6.0
5.5633545,5.5633545,1.0805016,127.465744,111.0,6.0
5.560852,5.5608525,1.0830035,127.49018,112.0,6.0
5.559143,5.5591435,1.0847125,127.498695,113.0,6.0
5.557696,5.5576954,1.0861607,127.44053,114.0,6.0
5.55574,5.5557394,1.0881166,127.22575,115.0,6.0
5.5524187,5.5524187,1.0914373,126.66478,116.0,6.0
5.546881,5.546881,1.0969748,125.38311,117.0,6.0
5.538749,5.5387487,1.1051073,122.796814,118.0,6.0
5.528866,5.528866,1.1149902,118.4566,119.0,6.0
5.5191913,5.5191913,1.1246648,112.961624,120.0,6.0
5.511504,5.511504,1.1323519,108.142365,121.0,6.0
5.5067434,5.5067444,1.1371117,105.18357,122.0,6.0
5.5047593,5.504759,1.1390972,103.764496,123.0,6.0
5.5045877,5.504587,1.1392689,103.1639,124.0,6.0
5.5047865,5.5047865,1.1390696,102.91566,125.0,6.0
5.504038,5.504038,1.1398182,102.7947,126.0,6.0
5.501795,5.501795,1.1420612,102.673996,127.0,6.0
5.4983654,5.4983664,1.1454897,102.433105,128.0,6.0
5.494335,5.494335,1.1495209,101.98029,129.0,6.0
5.489854,5.4898534,1.1540027,101.356285,130.0,6.0
5.48557,5.48557,1.1582861,100.707306,131.0,6.0
5.48282,5.48282,1.161036,100.10453,132.0,6.0
5.4808207,5.4808207,1.1630354,99.404465,133.0,6.0
5.4780746,5.478075,1.165781,98.17672,134.0,6.0
5.47531,5.47531,1.1685462,95.862885,135.0,6.0
5.4738617,5.4738617,1.1699944,92.71885,136.0,6.0
5.472623,5.4726233,1.1712327,89.99514,137.0,6.0
5.4708576,5.470857,1.1729989,88.10496,138.0,6.0
5.469471,5.469471,1.1743851,86.71306,139.0,6.0
5.4688864,5.4688864,1.1749697,85.66886,140.0,6.0
5.4686317,5.4686317,1.1752243,84.97407,141.0,6.0
5.4681306,5.46813,1.1757259,84.58281,142.0,6.0
5.4670897,5.46709,1.1767659,84.40454,143.0,6.0
5.465455,5.465455,1.178401,84.359436,144.0,6.0
5.4632874,5.4632874,1.1805687,84.396255,145.0,6.0
5.4606934,5.4606924,1.1831636,84.48627,146.0,6.0
5.457782,5.457782,1.1860743,84.614075,147.0,6.0
5.454624,5.454625,1.1892309,84.77272,148.0,6.0
5.451201,5.451201,1.1926551,84.96334,149.0,6.0
5.447382,5.447382,1.1964741,85.19669,150.0,6.0
5.442989,5.4429893,1.2008667,85.49058,151.0,6.0
5.437959,5.4379587,1.2058973,85.85589,152.0,6.0
5.432538,5.4325376,1.2113185,86.27278,153.0,6.0
5.427308,5.427308,1.216548,86.68287,154.0,6.0
5.4229,5.4228997,1.2209563,87.02168,155.0,6.0
5.4196754,5.419676,1.2241802,87.258545,156.0,6.0
5.417676,5.417675,1.226181,87.400185,157.0,6.0
5.416745,5.4167457,1.2271104,87.470406,158.0,6.0
5.416643,5.416643,1.2272129,87.49432,159.0,6.0
5.4170995,5.4171,1.2267561,87.492294,160.0,6.0
5.417858,5.417858,1.2259979,87.47862,161.0,6.0
5.418717,5.4187164,1.2251396,87.46208,162.0,6.0
5.4195323,5.4195323,1.2243237,87.44724,163.0,6.0
5.4202204,5.4202204,1.2236357,87.43604,164.0,6.0
5.4207344,5.4207344,1.2231216,87.429245,165.0,6.0
5.4210424,5.421043,1.2228131,87.42734,166.0,6.0
5.4211135,5.421114,1.2227421,87.43135,167.0,6.0
5.4208927,5.4208927,1.2229633,87.44358,168.0,6.0
5.420292,5.420292,1.2235641,87.46838,169.0,6.0
5.4191713,5.4191713,1.2246847,87.51339,170.0,6.0
5.417329,5.417329,1.2265272,87.59118,171.0,6.0
5.414503,5.414503,1.229353,87.72066,172.0,6.0
5.4104156,5.410416,1.2334399,87.92655,173.0,6.0
5.4048753,5.404875,1.2389812,88.23332,174.0,6.0
5.397937,5.3979363,1.2459197,88.64952,175.0,6.0
5.390053,5.390053,1.2538033,89.148186,176.0,6.0
5.3820305,5.3820295,1.2618265,89.66394,177.0,6.0
5.374789,5.3747897,1.2690663,90.12216,178.0,6.0
5.3691726,5.369173,1.274683,90.47698,179.0,6.0
5.36586,5.3658595,1.2779965,90.7227,180.0,6.0
5.3650675,5.3650675,1.2787886,90.8791,181.0,6.0
5.3661423,5.366142,1.2777143,90.973076,182.0,6.0
5.3678846,5.3678846,1.2759714,91.02782,183.0,6.0
5.369356,5.369356,1.2744999,91.05935,184.0,6.0
5.3701673,5.370167,1.2736893,91.077415,185.0,6.0
5.3702493,5.370249,1.2736073,91.08767,186.0,6.0
5.3696203,5.3696203,1.2742357,91.09346,187.0,6.0
5.3682814,5.3682814,1.2755747,91.09674,188.0,6.0
5.366248,5.366248,1.2776079,91.0986,189.0,6.0
5.36362,5.36362,1.2802362,91.09952,190.0,6.0
5.3606453,5.3606453,1.2832108,91.099434,191.0,6.0
5.357642,5.3576417,1.2862144,91.09793,192.0,6.0
5.3548136,5.3548136,1.2890425,91.094284,193.0,6.0
5.352115,5.3521147,1.2917414,91.08745,194.0,6.0
5.3493104,5.349311,1.2945452,91.0759,195.0,6.0
5.3461647,5.3461647,1.2976913,91.056946,196.0,6.0
5.342643,5.342643,1.3012133,91.02614,197.0,6.0
5.339009,5.3390083,1.3048477,90.976234,198.0,6.0
5.3356795,5.335679,1.308177,90.896286,199.0,6.0
5.883465,5.883466,0.7603903,618.7983,0.0,7.0
5.883465,5.883466,0.7603903,618.7983,1.0,7.0
5.735915,5.735916,0.9079399,837.5499,0.0,8.0
5.735915,5.735916,0.9079399,837.5499,1.0,8.0
